<<<<<<< HEAD,timestamp,asset,symbol,strategy_version,equity,open_trade,last_evaluated_close_time,missed_run_count
timestamp,,,,,,,,
2026-07-20T00:11:48.386992+00:00,,,,,,,,
=======,,,,,,,,
timestamp,,,,,,,,
2026-07-20T15:49:52.726726+00:00,,,,,,,,
>>>>>>> cb55a43 (Fix RMR and pair strategy lab reports),,,,,,,,
,2026-07-20T18:51:44.362534+00:00,BTC,BTCUSDT,strategy-lab-v1.0.0:RMR_LONG_ONLY_BTC_1D,10076.144458470559,False,1784505600000,0
,2026-07-20T20:01:36.094652+00:00,BTC,BTCUSDT,strategy-lab-v1.0.0:RMR_LONG_ONLY_BTC_1D,10076.144458470559,False,1784505600000,0
,2026-07-20T21:19:07.024481+00:00,BTC,BTCUSDT,strategy-lab-v1.0.0:RMR_LONG_ONLY_BTC_1D,10076.144458470559,False,1784505600000,0
,2026-07-20T22:17:09.202912+00:00,BTC,BTCUSDT,strategy-lab-v1.0.0:RMR_LONG_ONLY_BTC_1D,10076.144458470559,False,1784505600000,0
,2026-07-20T23:18:37.083890+00:00,BTC,BTCUSDT,strategy-lab-v1.0.0:RMR_LONG_ONLY_BTC_1D,10076.144458470559,False,1784505600000,0
,2026-07-20T23:27:31.204841+00:00,BTC,BTCUSDT,strategy-lab-v1.0.0:RMR_LONG_ONLY_BTC_1D,10076.144458470559,False,1784505600000,0
,2026-07-21T00:15:39.965509+00:00,BTC,BTCUSDT,strategy-lab-v1.0.0:RMR_LONG_ONLY_BTC_1D,10076.144458470559,False,1784592000000,0
,2026-07-21T03:50:05.601446+00:00,BTC,BTCUSDT,strategy-lab-v1.0.0:RMR_LONG_ONLY_BTC_1D,10076.144458470559,False,1784592000000,0
,2026-07-21T06:19:33.059339+00:00,BTC,BTCUSDT,strategy-lab-v1.0.0:RMR_LONG_ONLY_BTC_1D,10076.144458470559,False,1784592000000,0
