date,open,high,low,close,volume
2021-01-01,1897.69495,1899.12012,1897.39441,1898.099976,0.0
2021-01-04,1906.045044,1944.64502,1905.35632,1942.27527,0.0
2021-01-05,1942.64502,1953.16504,1934.079956,1949.34998,0.0
2021-01-06,1950.29504,1959.60498,1901.11499,1918.81006,0.0
2021-01-07,1919.39502,1927.97498,1906.86499,1912.49902,0.0
2021-01-08,1912.89502,1917.85498,1828.745,1848.26001,0.0
2021-01-11,1849.34497,1857.045044,1817.13928,1844.66125,0.0
2021-01-12,1845.34497,1864.079956,1837.41003,1855.62915,0.0
2021-01-13,1856.19495,1863.255,1843.34497,1843.41003,0.0
2021-01-14,1843.94495,1857.59497,1833.20996,1846.36938,0.0
2021-01-15,1846.79504,1856.85498,1823.20996,1826.58997,0.0
2021-01-18,1828.93994,1840.94995,1810.46497,1836.89001,0.0
2021-01-19,1838.094971,1845.97998,1833.064941,1839.33691,0.0
2021-01-20,1840.045044,1872.030029,1832.46497,1870.90625,0.0
2021-01-21,1871.069946,1875.45496,1858.16003,1869.91003,0.0
2021-01-22,1870.094971,1871.17004,1837.089966,1852.55005,0.0
2021-01-25,1855.75,1868.44995,1847.29504,1854.99146,0.0
2021-01-26,1855.54504,1861.85999,1848.36499,1850.31006,0.0
2021-01-27,1850.64502,1853.57996,1831.29004,1843.98999,0.0
2021-01-28,1844.34497,1864.255,1833.81494,1840.35999,0.0
2021-01-29,1840.89502,1876.030029,1839.56494,1846.089966,0.0
2021-02-01,1863.045044,1871.84497,1849.040039,1860.16003,0.0
2021-02-02,1860.84497,1864.26001,1829.46497,1837.35022,0.0
2021-02-03,1837.495,1845.28503,1829.495,1833.76074,0.0
2021-02-04,1834.34497,1835.13,1785.14502,1792.26001,0.0
2021-02-05,1792.495,1815.32495,1791.80005,1811.6156,0.0
2021-02-08,1815.44495,1839.14502,1807.47998,1830.16003,0.0
2021-02-09,1830.59497,1849.15002,1828.63,1837.060059,0.0
2021-02-10,1837.54504,1855.70496,1833.91406,1842.21606,0.0
2021-02-11,1842.64502,1847.94995,1820.63,1825.35999,0.0
2021-02-12,1825.89502,1830.79504,1810.32996,1823.45996,0.0
2021-02-15,1825.34497,1827.58752,1815.71497,1818.51294,0.0
2021-02-16,1819.34497,1826.75,1789.18994,1794.31006,0.0
2021-02-17,1794.64502,1795.44995,1769.26501,1776.26001,0.0
2021-02-18,1776.69495,1789.875,1767.97998,1775.48975,0.0
2021-02-19,1776.19495,1791.70496,1760.13,1782.31006,0.0
2021-02-22,1782.245,1812.755,1780.46216,1808.66003,0.0
2021-02-23,1809.094971,1816.26709,1795.78174,1805.060059,0.0
2021-02-24,1805.34497,1813.98999,1783.29504,1804.35999,0.0
2021-02-25,1804.79504,1806.055054,1765.44495,1769.87915,0.0
2021-02-26,1770.495,1776.10498,1717.255,1733.48999,0.0
2021-03-01,1733.39502,1760.015015,1719.52002,1723.83887,0.0
2021-03-02,1724.099976,1738.89185,1707.18005,1738.087769,0.0
2021-03-03,1738.59497,1740.85498,1701.93994,1710.94995,0.0
2021-03-04,1711.84497,1723.34497,1690.63501,1697.18994,0.0
2021-03-05,1698.59497,1707.755,1687.12158,1700.85999,0.0
2021-03-08,1702.79504,1714.44995,1676.70496,1681.2439,0.0
2021-03-09,1682.54504,1720.82996,1679.80005,1715.35999,0.0
2021-03-10,1715.94495,1726.755,1707.98999,1726.047974,0.0
2021-03-11,1726.54504,1739.98999,1719.38196,1721.41003,0.0
2021-03-12,1721.59497,1728.42004,1698.85498,1726.40686,0.0
2021-03-15,1727.745,1734.98999,1721.3075,1731.83618,0.0
2021-03-16,1730.56995,1741.40002,1725.79504,1730.93994,0.0
2021-03-17,1730.60999,1751.81494,1724.13501,1744.43994,0.0
2021-03-18,1745.094971,1755.58997,1719.045044,1736.4093,0.0
2021-03-19,1735.89502,1746.88,1728.040039,1744.74023,0.0
2021-03-22,1745.745,1747.1781,1727.39502,1738.68994,0.0
2021-03-23,1739.045044,1742.84998,1724.41504,1727.11035,0.0
2021-03-24,1727.79504,1738.5603,1723.85498,1734.18994,0.0
2021-03-25,1735.64502,1745.95496,1721.84497,1726.81995,0.0
2021-03-26,1727.29504,1737.0050049,1721.22998,1731.96643,0.0
2021-03-29,1732.14502,1733.34497,1705.57996,1711.99463,0.0
2021-03-30,1712.54504,1714.74451,1678.84998,1684.79614,0.0
2021-03-31,1685.59497,1715.27502,1677.92505,1707.0074463,0.0
2021-04-01,1708.090088,1730.79822,1705.41956,1730.18201,0.0
2021-04-02,1730.47498,1732.54504,1728.67249,1728.83997,0.0
2021-04-05,1728.745,1733.75,1721.21997,1728.43994,0.0
2021-04-06,1728.495,1745.67505,1726.82263,1743.56995,0.0
2021-04-07,1742.96497,1744.56604,1730.13,1737.28003,0.0
2021-04-08,1737.84497,1759.125,1732.98999,1755.93994,0.0
2021-04-09,1756.54004,1757.46997,1731.089966,1743.099976,0.0
2021-04-12,1743.79504,1745.35999,1727.18005,1732.51367,0.0
2021-04-13,1732.59497,1749.23499,1723.26501,1743.82983,0.0
2021-04-14,1744.30005,1749.57996,1732.13,1736.00354,0.0
2021-04-15,1737.099976,1769.91003,1734.10498,1763.20837,0.0
2021-04-16,1763.84497,1784.074951,1759.78503,1776.3064,0.0
2021-04-19,1779.5,1790.53503,1765.97998,1769.31006,0.0
2021-04-20,1770.30005,1780.76501,1763.18005,1777.2533,0.0
2021-04-21,1778.6449,1797.97998,1775.95496,1793.46167,0.0
2021-04-22,1794.15002,1798.28503,1776.82996,1783.93994,0.0
2021-04-23,1784.32996,1796.060059,1770.054565,1777.18005,0.0
2021-04-26,1776.34497,1783.69104,1768.70496,1780.18994,0.0
2021-04-27,1780.42004,1785.90002,1773.51501,1776.68994,0.0
2021-04-28,1776.79504,1782.84998,1762.56494,1781.32373,0.0
2021-04-29,1780.90002,1790.42505,1756.19495,1771.24329,0.0
2021-04-30,1772.89502,1773.97998,1763.72998,1768.58997,0.0
2021-05-03,1768.495,1798.22498,1765.91003,1792.36145,0.0
2021-05-04,1792.29004,1799.375,1770.84497,1778.48315,0.0
2021-05-05,1778.91003,1788.34863,1769.95496,1786.44397,0.0
2021-05-06,1787.094971,1818.21497,1781.66504,1815.17834,0.0
2021-05-07,1815.47998,1843.45496,1812.9032,1830.47705,0.0
2021-05-10,1833.245,1845.53003,1830.089966,1835.43994,0.0
2021-05-11,1834.58496,1842.32495,1817.68005,1836.93994,0.0
2021-05-12,1837.39502,1843.68994,1813.0,1815.43994,0.0
2021-05-13,1815.89502,1828.81006,1808.77502,1826.56995,0.0
2021-05-14,1826.495,1845.54504,1819.78503,1842.18994,0.0
2021-05-17,1843.84497,1868.80005,1841.245,1866.13245,0.0
2021-05-18,1866.59497,1875.40002,1862.94495,1868.21997,0.0
2021-05-19,1869.59497,1890.14502,1851.93506,1869.56995,0.0
2021-05-20,1869.745,1884.12,1863.53003,1876.68994,0.0
2021-05-21,1876.83997,1889.84998,1870.01001,1880.30005,0.0
2021-05-24,1882.34497,1887.43506,1875.18994,1881.069946,0.0
2021-05-25,1880.69495,1900.62659,1872.72998,1899.26404,0.0
2021-05-26,1899.495,1913.15002,1890.33997,1896.43994,0.0
2021-05-27,1896.495,1903.87,1888.22498,1896.079956,0.0
2021-05-28,1897.045044,1905.89502,1881.84497,1902.64001,0.0
2021-05-31,1903.69495,1911.12952,1901.56006,1906.35999,0.0
2021-06-01,1907.52551,1916.84497,1892.28003,1900.18994,0.0
2021-06-02,1900.045044,1909.33521,1894.045044,1907.94397,0.0
2021-06-03,1908.094971,1909.88501,1865.10999,1870.56995,0.0
2021-06-04,1871.31995,1896.60498,1856.094971,1889.96997,0.0
2021-06-07,1888.48999,1900.40503,1880.88,1898.99622,0.0
2021-06-08,1898.995,1903.95496,1883.38,1892.81995,0.0
2021-06-09,1893.48999,1899.39502,1886.57996,1888.29834,0.0
2021-06-10,1888.57007,1900.092041,1869.84497,1898.13745,0.0
2021-06-11,1898.41504,1903.30005,1874.074951,1876.64001,0.0
2021-06-14,1874.58997,1878.21265,1844.57495,1865.995,0.0
2021-06-15,1866.255,1869.66504,1851.27502,1858.69495,0.0
2021-06-16,1858.96497,1862.42505,1804.19495,1811.95251,0.0
2021-06-17,1812.18005,1825.58496,1766.875,1773.31494,0.0
2021-06-18,1772.72998,1797.245,1761.035034,1763.33997,0.0
2021-06-21,1764.44495,1786.75,1764.44495,1782.94824,0.0
2021-06-22,1783.22998,1790.41504,1771.98999,1778.51245,0.0
2021-06-23,1778.80457,1795.18005,1773.125,1778.73047,0.0
2021-06-24,1779.01001,1788.55505,1772.67004,1775.18274,0.0
2021-06-25,1775.46057,1790.59998,1773.26501,1780.33997,0.0
2021-06-28,1781.245,1785.90002,1770.68506,1778.17505,0.0
2021-06-29,1778.43994,1779.245,1750.10999,1761.089966,0.0
2021-06-30,1761.34998,1774.71997,1752.78003,1769.80249,0.0
2021-07-01,1770.060059,1783.074951,1765.47498,1776.59998,0.0
2021-07-02,1776.83496,1795.40002,1773.72998,1786.79016,0.0
2021-07-05,1787.69495,1795.69495,1784.08667,1791.61206,0.0
2021-07-06,1791.88049,1815.33997,1789.90503,1796.68726,0.0
2021-07-07,1796.95996,1810.13,1793.63501,1803.40503,0.0
2021-07-08,1803.66504,1818.69995,1794.27502,1802.55505,0.0
2021-07-09,1802.89001,1812.70996,1796.094971,1807.97998,0.0
2021-07-12,1807.94495,1811.035034,1791.20996,1805.87744,0.0
2021-07-13,1806.16504,1817.505,1798.54004,1807.43506,0.0
2021-07-14,1807.72009,1830.32495,1804.20996,1827.061646,0.0
2021-07-15,1827.3501,1833.995,1820.074951,1829.18665,0.0
2021-07-16,1829.44995,1832.19775,1808.65002,1810.89001,0.0
2021-07-19,1811.64502,1817.56335,1794.66003,1812.34253,0.0
2021-07-20,1812.60999,1825.27002,1805.064941,1810.030396,0.0
2021-07-21,1810.31555,1814.02002,1794.17505,1803.31445,0.0
2021-07-22,1803.57947,1808.34497,1792.10999,1806.68994,0.0
2021-07-23,1806.94995,1810.56006,1790.45496,1801.33997,0.0
2021-07-26,1802.64502,1811.96997,1795.67505,1797.26501,0.0
2021-07-27,1797.52502,1805.59998,1792.82996,1798.73206,0.0
2021-07-28,1799.0,1809.90002,1792.59998,1806.88086,0.0
2021-07-29,1807.15002,1833.047363,1806.28503,1827.95496,0.0
2021-07-30,1828.20996,1831.625,1809.47998,1813.58154,0.0
2021-08-02,1814.34497,1819.93506,1805.12,1813.38501,0.0
2021-08-03,1813.63501,1815.18005,1806.72998,1809.93994,0.0
2021-08-04,1810.60498,1832.10498,1806.53503,1811.40503,0.0
2021-08-05,1811.68506,1815.44995,1797.73999,1804.013062,0.0
2021-08-06,1804.28003,1804.92981,1758.32996,1762.68994,0.0
2021-08-09,1763.34497,1764.64819,1684.77002,1729.45752,0.0
2021-08-10,1729.73999,1738.495,1717.16504,1728.71045,0.0
2021-08-11,1729.0050049,1754.63,1723.54004,1751.56274,0.0
2021-08-12,1751.65503,1758.62,1741.29004,1752.4375,0.0
2021-08-13,1752.72498,1780.52502,1751.26501,1779.15149,0.0
2021-08-16,1778.44495,1789.505,1770.375,1787.23828,0.0
2021-08-17,1787.50549,1795.77002,1780.27502,1785.95557,0.0
2021-08-18,1786.21497,1794.31494,1777.30505,1787.58997,0.0
2021-08-19,1788.045044,1792.56494,1774.20496,1780.17896,0.0
2021-08-20,1780.44043,1788.84998,1777.96497,1780.86682,0.0
2021-08-23,1780.54504,1806.91504,1776.025024,1805.19751,0.0
2021-08-24,1805.61499,1810.030029,1799.72998,1802.60547,0.0
2021-08-25,1802.86499,1803.57471,1782.45496,1790.68005,0.0
2021-08-26,1791.094971,1798.61499,1779.47998,1792.15503,0.0
2021-08-27,1792.59998,1819.38245,1787.66003,1816.66895,0.0
2021-08-30,1817.54504,1823.37952,1807.27502,1810.16528,0.0
2021-08-31,1810.26453,1819.43005,1801.47498,1813.4281,0.0
2021-09-01,1813.57495,1820.21497,1808.17505,1813.65503,0.0
2021-09-02,1813.91504,1817.52502,1804.47998,1809.40051,0.0
2021-09-03,1809.98499,1834.55005,1808.53345,1826.18994,0.0
2021-09-06,1828.66003,1830.60095,1820.57996,1823.10278,0.0
2021-09-07,1823.27002,1827.38501,1792.32996,1794.1333,0.0
2021-09-08,1794.41003,1802.60498,1781.97998,1788.92505,0.0
2021-09-09,1789.18506,1801.18994,1783.83496,1794.69495,0.0
2021-09-10,1794.61011,1804.15002,1786.53455,1787.33826,0.0
2021-09-13,1788.54504,1798.65503,1783.73499,1793.48914,0.0
2021-09-14,1793.77002,1808.995,1781.89001,1804.2655,0.0
2021-09-15,1804.52539,1807.30005,1790.27502,1792.58997,0.0
2021-09-16,1794.34497,1796.71497,1745.040039,1753.39331,0.0
2021-09-17,1753.67004,1768.22498,1747.074951,1754.15649,0.0
2021-09-20,1754.29504,1767.31006,1742.245,1763.87549,0.0
2021-09-21,1764.18506,1782.069946,1757.60999,1774.24622,0.0
2021-09-22,1774.51453,1787.505,1764.84497,1767.91345,0.0
2021-09-23,1768.40002,1776.60498,1737.84497,1742.57251,0.0
2021-09-24,1742.82495,1758.079956,1739.59998,1749.86304,0.0
2021-09-27,1751.245,1761.28503,1744.18994,1749.85498,0.0
2021-09-28,1750.45496,1754.80005,1727.17505,1733.68225,0.0
2021-09-29,1733.97498,1746.11499,1721.074951,1726.10754,0.0
2021-09-30,1726.40002,1764.52502,1721.66504,1756.66064,0.0
2021-10-01,1756.90503,1764.39502,1749.36499,1760.36023,0.0
2021-10-04,1762.14502,1771.055054,1747.22998,1769.505,0.0
2021-10-05,1769.75,1771.030029,1748.56494,1759.96252,0.0
2021-10-06,1760.44507,1765.77502,1745.44995,1762.4751,0.0
2021-10-07,1762.73999,1767.44995,1751.38,1755.2926,0.0
2021-10-08,1755.88501,1781.59998,1753.025024,1756.66748,0.0
2021-10-11,1757.34497,1761.36499,1749.68005,1753.85583,0.0
2021-10-12,1754.12,1769.78003,1750.47498,1759.92993,0.0
2021-10-13,1760.050049,1796.30505,1757.89001,1792.64661,0.0
2021-10-14,1792.75,1800.91003,1786.21997,1795.56006,0.0
2021-10-15,1795.81006,1796.88501,1764.48499,1767.25635,0.0
2021-10-18,1767.745,1772.29504,1759.68005,1764.59875,0.0
2021-10-19,1764.98987,1785.52502,1762.47888,1768.87,0.0
2021-10-20,1769.27551,1788.68005,1766.5,1781.82996,0.0
2021-10-21,1782.099976,1789.61499,1776.074951,1782.76257,0.0
2021-10-22,1782.88501,1814.21997,1782.46252,1792.48206,0.0
2021-10-25,1794.0,1810.18005,1791.94995,1807.47168,0.0
2021-10-26,1807.89502,1808.5022,1781.97998,1792.63281,0.0
2021-10-27,1793.040039,1799.375,1782.82996,1796.6875,0.0
2021-10-28,1796.78015,1810.495,1792.34497,1798.62256,0.0
2021-10-29,1799.030029,1801.49487,1771.70496,1782.80823,0.0
2021-11-01,1783.245,1796.19995,1778.89001,1793.045044,0.0
2021-11-02,1793.61499,1796.90503,1785.78003,1787.28113,0.0
2021-11-03,1787.71484,1788.42285,1758.45496,1769.51624,0.0
2021-11-04,1769.98059,1799.255,1769.13379,1791.70496,0.0
2021-11-05,1792.1449,1818.60876,1785.17102,1816.72998,0.0
2021-11-08,1818.44495,1826.93005,1812.079956,1824.26001,0.0
2021-11-09,1824.745,1833.084961,1817.69995,1831.48328,0.0
2021-11-10,1831.89502,1868.69995,1821.59998,1849.5686,0.0
2021-11-11,1849.68994,1866.35498,1842.66003,1861.52441,0.0
2021-11-12,1861.995,1868.68506,1844.78003,1864.044067,0.0
2021-11-15,1868.14502,1870.56995,1855.72998,1862.45911,0.0
2021-11-16,1862.94495,1877.40002,1849.16003,1849.91003,0.0
2021-11-17,1850.34497,1868.31995,1849.37585,1866.95996,0.0
2021-11-18,1866.96997,1871.29004,1854.93994,1858.45996,0.0
2021-11-19,1858.89502,1865.755,1842.97998,1844.59998,0.0
2021-11-22,1846.745,1849.48999,1801.95496,1805.040039,0.0
2021-11-23,1805.64502,1812.5,1781.63,1789.73315,0.0
2021-11-24,1790.34497,1797.01001,1778.43994,1788.5,0.0
2021-11-25,1789.495,1795.65002,1785.85437,1788.44995,0.0
2021-11-26,1788.69995,1815.78003,1780.78503,1791.81055,0.0
2021-11-29,1790.045044,1799.79504,1781.22998,1785.01001,0.0
2021-11-30,1785.34497,1809.38,1769.43005,1773.78455,0.0
2021-12-01,1774.15002,1794.79504,1771.96497,1782.66003,0.0
2021-12-02,1783.050049,1783.57996,1761.67505,1768.63525,0.0
2021-12-03,1768.84497,1786.43994,1765.63,1783.73608,0.0
2021-12-06,1784.78503,1787.86914,1775.90503,1778.10779,0.0
2021-12-07,1778.079956,1788.02002,1771.93005,1784.041992,0.0
2021-12-08,1784.39502,1793.59998,1779.45496,1782.060059,0.0
2021-12-09,1782.495,1788.050049,1772.79504,1774.45996,0.0
2021-12-10,1774.94495,1789.47498,1769.43005,1782.51001,0.0
2021-12-13,1782.94495,1791.78003,1781.51001,1786.94324,0.0
2021-12-14,1787.19495,1789.745,1766.30505,1770.17578,0.0
2021-12-15,1770.495,1781.03772,1753.8396,1777.060059,0.0
2021-12-16,1777.39502,1799.53003,1775.43005,1799.027222,0.0
2021-12-17,1799.54504,1814.625,1795.66504,1797.68201,0.0
2021-12-20,1799.39502,1804.32495,1787.97803,1789.31799,0.0
2021-12-21,1789.745,1800.84998,1784.57996,1788.36035,0.0
2021-12-22,1788.94495,1805.13,1785.40503,1803.39539,0.0
2021-12-23,1803.69495,1811.015015,1798.88,1807.91003,0.0
2021-12-24,1808.19495,1812.70496,1801.60999,1808.11499,0.0
2021-12-27,1808.19495,1813.73999,1802.89001,1810.90002,0.0
2021-12-28,1811.84497,1820.69995,1804.375,1805.36572,0.0
2021-12-29,1805.59497,1808.16003,1788.94495,1803.66003,0.0
2021-12-30,1803.995,1817.44495,1795.78003,1815.010864,0.0
2021-12-31,1815.44495,1830.57996,1814.14673,1828.39026,0.0
2022-01-03,1830.13501,1832.060059,1797.93005,1800.84875,0.0
2022-01-04,1801.34497,1816.82996,1798.43994,1814.56006,0.0
2022-01-05,1814.89502,1829.82495,1807.97498,1809.53418,0.0
2022-01-06,1809.94495,1811.88831,1786.030029,1788.67578,0.0
2022-01-07,1789.54504,1799.19995,1782.63,1795.63208,0.0
2022-01-10,1795.40503,1802.57495,1790.42505,1801.4054,0.0
2022-01-11,1801.69495,1823.35498,1800.094971,1822.01001,0.0
2022-01-12,1822.495,1828.33496,1814.20496,1825.31946,0.0
2022-01-13,1825.94495,1828.38,1811.82996,1822.087646,0.0
2022-01-14,1822.54504,1829.66003,1814.13,1817.21899,0.0
2022-01-17,1817.89502,1823.72498,1812.66504,1818.98999,0.0
2022-01-18,1819.77002,1823.01001,1805.53003,1813.53674,0.0
2022-01-19,1813.69495,1843.72339,1809.97498,1839.95996,0.0
2022-01-20,1840.29504,1848.35999,1835.66504,1838.35999,0.0
2022-01-21,1838.64502,1843.53003,1828.040039,1833.23865,0.0
2022-01-24,1834.495,1844.53003,1829.094971,1843.060059,0.0
2022-01-25,1843.34497,1853.98499,1834.64001,1847.56006,0.0
2022-01-26,1847.995,1850.44202,1814.89502,1818.11707,0.0
2022-01-27,1818.44495,1822.505,1790.97998,1796.51001,0.0
2022-01-28,1796.94495,1799.81995,1779.88,1791.033569,0.0
2022-01-31,1791.19495,1800.22998,1785.030029,1796.46863,0.0
2022-02-01,1796.71997,1809.16003,1795.13,1800.65186,0.0
2022-02-02,1800.94495,1811.53003,1794.11499,1806.49756,0.0
2022-02-03,1807.19495,1809.22498,1788.39001,1804.40466,0.0
2022-02-04,1804.79504,1815.43506,1790.94495,1807.49402,0.0
2022-02-07,1806.98999,1824.055054,1806.94495,1820.31006,0.0
2022-02-08,1820.59497,1829.089966,1815.064941,1825.48486,0.0
2022-02-09,1826.045044,1836.34998,1824.5,1832.42554,0.0
2022-02-10,1832.94495,1842.35498,1821.46497,1826.57007,0.0
2022-02-11,1827.25,1865.625,1820.79004,1859.95911,0.0
2022-02-14,1861.54504,1874.40503,1850.45496,1870.2948,0.0
2022-02-15,1870.94495,1879.89001,1844.26501,1853.060059,0.0
2022-02-16,1853.39502,1873.15503,1849.93994,1868.36743,0.0
2022-02-17,1868.84497,1901.56995,1867.17505,1897.26965,0.0
2022-02-18,1897.94495,1902.83618,1886.15503,1897.86804,0.0
2022-02-21,1900.39502,1908.37805,1887.18994,1905.63477,0.0
2022-02-22,1905.88953,1914.44495,1891.15503,1898.1344,0.0
2022-02-23,1898.44495,1911.0,1889.22998,1907.54944,0.0
2022-02-24,1907.995,1974.47998,1879.045044,1903.14404,0.0
2022-02-25,1903.54504,1921.5437,1883.10498,1887.56079,0.0
2022-02-28,1920.86377,1929.35864,1890.58997,1907.90283,0.0
2022-03-01,1908.19495,1950.45496,1900.93005,1943.21899,0.0
2022-03-02,1943.69495,1948.17505,1913.82251,1926.11084,0.0
2022-03-03,1926.495,1941.47498,1921.73499,1935.20996,0.0
2022-03-04,1935.64502,1970.80005,1929.77502,1968.45349,0.0
2022-03-07,1977.094971,2002.90002,1960.76001,1998.10999,0.0
2022-03-08,1998.29504,2070.29492,1981.00012207,2052.40991,0.0
2022-03-09,2052.74512,2059.24512,1976.29504,1991.48999,0.0
2022-03-10,1991.94495,2009.57495,1970.65686,1995.85864,0.0
2022-03-11,1996.14502,1999.2229,1958.79504,1985.28845,0.0
2022-03-14,1985.495,1990.32996,1949.87476,1951.11499,0.0
2022-03-15,1951.015503,1954.95496,1906.72998,1917.84265,0.0
2022-03-16,1918.095093,1929.87,1895.22363,1927.9292,0.0
2022-03-17,1927.56006,1950.099976,1923.39502,1942.64001,0.0
2022-03-18,1942.90002,1945.505,1917.93005,1921.087036,0.0
2022-03-21,1922.245,1940.69495,1918.01001,1935.95239,0.0
2022-03-22,1935.86499,1938.58997,1910.89001,1921.44165,0.0
2022-03-23,1922.35498,1948.54504,1915.32446,1943.38086,0.0
2022-03-24,1944.88,1966.19495,1937.17505,1957.47998,0.0
2022-03-25,1957.48999,1964.48999,1943.54504,1957.40002,0.0
2022-03-28,1958.75,1959.35962,1916.82996,1923.20251,0.0
2022-03-29,1922.95496,1929.40503,1890.030029,1919.18506,0.0
2022-03-30,1920.069946,1938.53003,1915.73999,1933.059448,0.0
2022-03-31,1932.79504,1949.91504,1918.97998,1937.22998,0.0
2022-04-01,1937.505,1939.98755,1917.55505,1924.30005,0.0
2022-04-04,1924.94495,1937.050049,1915.54504,1932.43909,0.0
2022-04-05,1933.375,1944.72998,1917.73999,1923.75745,0.0
2022-04-06,1923.69006,1933.64502,1915.245,1925.48083,0.0
2022-04-07,1925.32495,1938.074951,1920.27002,1932.17407,0.0
2022-04-08,1931.92493,1948.45532,1927.375,1945.84998,0.0
2022-04-11,1947.14502,1969.40503,1940.045044,1953.43237,0.0
2022-04-12,1953.995,1978.62549,1949.47998,1966.58997,0.0
2022-04-13,1967.21497,1981.82495,1962.58997,1977.72278,0.0
2022-04-14,1977.77954,1980.81006,1960.89502,1973.51953,0.0
2022-04-15,1974.28003,1975.69189,1973.05249,1974.53589,0.0
2022-04-18,1972.84497,1998.59998,1971.045044,1978.4967,0.0
2022-04-19,1979.19495,1982.30505,1943.79504,1949.83997,0.0
2022-04-20,1950.34497,1958.56995,1939.15503,1957.40503,0.0
2022-04-21,1957.83997,1958.0,1936.78503,1951.495,0.0
2022-04-22,1951.495,1955.92505,1926.51501,1929.72998,0.0
2022-04-25,1931.094971,1934.70862,1891.050049,1897.6925,0.0
2022-04-26,1897.95496,1911.5,1895.38,1905.55762,0.0
2022-04-27,1905.45496,1907.25208,1881.39001,1886.11536,0.0
2022-04-28,1886.14001,1897.31995,1872.19495,1894.34229,0.0
2022-04-29,1894.43005,1919.97498,1892.24658,1896.39587,0.0
2022-05-02,1896.094971,1900.10498,1854.745,1862.76758,0.0
2022-05-03,1863.050049,1878.18506,1850.32996,1867.78503,0.0
2022-05-04,1868.035034,1889.745,1861.17004,1880.92285,0.0
2022-05-05,1881.46997,1910.030029,1872.47998,1876.84082,0.0
2022-05-06,1877.29504,1892.92505,1865.84497,1882.95654,0.0
2022-05-09,1883.79504,1885.95496,1851.35999,1853.92065,0.0
2022-05-10,1853.73999,1865.76001,1835.45996,1838.14307,0.0
2022-05-11,1838.40503,1857.995,1831.83276,1852.12024,0.0
2022-05-12,1852.57996,1859.29504,1820.93005,1821.71997,0.0
2022-05-13,1822.47998,1829.060059,1799.245,1811.15442,0.0
2022-05-16,1811.050049,1827.23499,1786.94995,1823.79041,0.0
2022-05-17,1824.18005,1836.54504,1812.67505,1814.66846,0.0
2022-05-18,1815.19995,1825.02002,1807.29504,1815.60999,0.0
2022-05-19,1816.60498,1849.45996,1810.55005,1841.71875,0.0
2022-05-20,1842.12,1849.59497,1832.34998,1845.68005,0.0
2022-05-23,1846.53003,1865.64502,1844.076294,1853.21851,0.0
2022-05-24,1853.59497,1869.98999,1849.060059,1865.90002,0.0
2022-05-25,1865.089966,1868.39502,1842.94495,1852.83069,0.0
2022-05-26,1853.47998,1854.70996,1841.13501,1850.02356,0.0
2022-05-27,1850.47998,1862.29504,1847.76001,1852.72998,0.0
2022-05-30,1852.19495,1864.34497,1847.91504,1856.21289,0.0
2022-05-31,1856.39502,1857.69495,1834.89502,1837.092529,0.0
2022-06-01,1837.37,1850.39502,1828.28003,1845.55005,0.0
2022-06-02,1846.44495,1870.69495,1843.755,1868.12769,0.0
2022-06-03,1868.53003,1874.30005,1847.02002,1850.76562,0.0
2022-06-06,1850.29248,1858.14502,1840.50244,1840.99817,0.0
2022-06-07,1841.59998,1855.85999,1836.72998,1851.97412,0.0
2022-06-08,1852.51001,1859.89502,1844.34998,1853.255,0.0
2022-06-09,1853.53003,1855.52002,1839.59998,1847.6095,0.0
2022-06-10,1848.085083,1876.47498,1825.015015,1870.95996,0.0
2022-06-13,1875.79504,1877.37683,1818.77417,1818.77417,0.0
2022-06-14,1819.099976,1832.19495,1804.65002,1808.099976,0.0
2022-06-15,1808.35498,1841.745,1807.23914,1833.37927,0.0
2022-06-16,1833.98999,1857.9137,1815.94995,1856.70752,0.0
2022-06-17,1857.33997,1858.2926,1833.72498,1839.34998,0.0
2022-06-20,1840.40002,1846.42004,1834.495,1838.2876,0.0
2022-06-21,1838.37415,1844.14502,1828.28503,1832.55847,0.0
2022-06-22,1832.95996,1848.44495,1823.23499,1837.38635,0.0
2022-06-23,1837.87,1846.19495,1821.875,1822.42932,0.0
2022-06-24,1822.88,1832.14502,1816.69995,1826.18005,0.0
2022-06-27,1838.14502,1841.34497,1820.40002,1822.72998,0.0
2022-06-28,1822.84998,1830.094971,1818.19995,1819.69495,0.0
2022-06-29,1819.95496,1833.245,1812.099976,1817.10901,0.0
2022-06-30,1817.80005,1825.89502,1802.19995,1806.88696,0.0
2022-07-01,1807.31006,1812.094971,1784.099976,1810.18005,0.0
2022-07-04,1812.26575,1814.35657,1803.44995,1809.11658,0.0
2022-07-05,1808.73547,1812.41504,1763.48499,1764.35278,0.0
2022-07-06,1764.87,1773.060059,1731.75,1738.30347,0.0
2022-07-07,1738.93005,1749.13953,1735.94995,1739.61145,0.0
2022-07-08,1740.050049,1752.49622,1733.245,1741.81995,0.0
2022-07-11,1742.85999,1744.91504,1731.01001,1733.67261,0.0
2022-07-12,1733.995,1743.495,1722.93005,1725.80603,0.0
2022-07-13,1726.16504,1745.53503,1707.375,1735.23145,0.0
2022-07-14,1735.69556,1736.93665,1697.48499,1709.4491,0.0
2022-07-15,1709.81494,1716.92004,1698.81995,1706.78003,0.0
2022-07-18,1707.94495,1724.045044,1705.8938,1709.011841,0.0
2022-07-19,1709.27002,1718.64001,1704.95996,1711.065552,0.0
2022-07-20,1711.29504,1714.94495,1692.5332,1696.43298,0.0
2022-07-21,1696.72998,1720.69495,1680.77502,1718.49243,0.0
2022-07-22,1718.61011,1739.28406,1712.92908,1726.45996,0.0
2022-07-25,1728.14502,1736.42505,1714.57495,1718.78003,0.0
2022-07-26,1719.68994,1728.36084,1713.19995,1717.00048828,0.0
2022-07-27,1717.41003,1740.59998,1711.46448,1733.89221,0.0
2022-07-28,1734.60999,1757.42505,1733.59497,1755.10815,0.0
2022-07-29,1755.81006,1768.17004,1752.18506,1765.21997,0.0
2022-08-01,1765.045044,1775.22498,1758.047974,1771.72925,0.0
2022-08-02,1772.22998,1788.245,1759.74658,1759.74658,0.0
2022-08-03,1760.53491,1772.89502,1754.33496,1764.896,0.0
2022-08-04,1765.34045,1795.28503,1763.0,1790.96704,0.0
2022-08-05,1791.16003,1795.28503,1764.88,1774.15002,0.0
2022-08-08,1773.57495,1790.255,1770.93506,1788.52393,0.0
2022-08-09,1789.20996,1800.44995,1782.84998,1794.084595,0.0
2022-08-10,1794.21497,1807.89502,1787.32495,1792.12781,0.0
2022-08-11,1792.39001,1799.39502,1783.245,1789.45044,0.0
2022-08-12,1790.060059,1802.86499,1784.51501,1801.76123,0.0
2022-08-15,1802.045044,1802.53247,1772.75,1779.35901,0.0
2022-08-16,1779.745,1783.37,1771.32996,1775.54175,0.0
2022-08-17,1775.97986,1782.63,1759.58496,1761.050049,0.0
2022-08-18,1761.625,1772.59497,1755.36829,1758.19556,0.0
2022-08-19,1759.29504,1759.88,1745.19495,1747.82898,0.0
2022-08-22,1747.045044,1749.3075,1727.505,1735.70496,0.0
2022-08-23,1736.40002,1754.2821,1730.51501,1747.67456,0.0
2022-08-24,1748.54504,1755.8844,1742.28503,1750.88818,0.0
2022-08-25,1751.54504,1765.92505,1749.70996,1758.43738,0.0
2022-08-26,1758.54504,1759.31494,1733.82996,1736.85999,0.0
2022-08-29,1736.19495,1745.63,1720.079956,1737.82373,0.0
2022-08-30,1738.36499,1740.92505,1720.85498,1723.5498,0.0
2022-08-31,1723.83008,1726.85999,1709.10498,1710.70496,0.0
2022-09-01,1711.094971,1711.81006,1688.34998,1696.089966,0.0
2022-09-02,1696.34998,1718.31006,1694.64001,1711.43994,0.0
2022-09-05,1712.995,1716.34497,1707.47498,1710.2063,0.0
2022-09-06,1710.56494,1727.245,1699.30005,1701.15308,0.0
2022-09-07,1701.60999,1719.81995,1690.90002,1717.69348,0.0
2022-09-08,1718.39502,1728.79504,1703.5,1707.27502,0.0
2022-09-09,1708.84497,1729.94495,1708.21997,1716.050049,0.0
2022-09-12,1717.045044,1735.37,1711.97498,1724.07019,0.0
2022-09-13,1724.75,1732.34497,1696.69995,1701.55396,0.0
2022-09-14,1701.85999,1707.495,1693.255,1695.79504,0.0
2022-09-15,1696.055054,1698.62,1660.035034,1663.74084,0.0
2022-09-16,1664.27002,1680.69495,1653.84998,1674.94482,0.0
2022-09-19,1675.44495,1680.16003,1659.67053,1675.77576,0.0
2022-09-20,1675.46997,1679.34497,1659.59998,1663.10889,0.0
2022-09-21,1663.67004,1688.15002,1654.14502,1673.73682,0.0
2022-09-22,1675.055054,1685.495,1655.52502,1670.53455,0.0
2022-09-23,1671.54504,1676.59497,1639.59497,1643.089966,0.0
2022-09-26,1645.39502,1650.02002,1620.80005,1621.5675,0.0
2022-09-27,1621.995,1642.94495,1621.77002,1628.80237,0.0
2022-09-28,1629.26001,1663.17004,1614.34998,1659.44495,0.0
2022-09-29,1659.88,1665.12,1641.050049,1660.29175,0.0
2022-09-30,1661.125,1675.56995,1658.92505,1659.67004,0.0
2022-10-03,1661.29504,1701.79504,1659.099976,1699.22253,0.0
2022-10-04,1699.39502,1729.73499,1694.73499,1726.24084,0.0
2022-10-05,1726.42493,1728.099976,1700.15002,1715.81055,0.0
2022-10-06,1716.060059,1726.094971,1706.52502,1710.84998,0.0
2022-10-07,1711.099976,1715.39502,1690.34998,1694.52002,0.0
2022-10-10,1696.79504,1700.33496,1665.30005,1667.95642,0.0
2022-10-11,1668.39502,1684.44495,1660.44995,1665.3075,0.0
2022-10-12,1666.495,1678.89502,1660.94995,1672.50525,0.0
2022-10-13,1673.29504,1682.84497,1642.25,1665.79724,0.0
2022-10-14,1665.89502,1672.015015,1639.89502,1641.75842,0.0
2022-10-17,1644.094971,1668.69495,1643.69495,1649.9447,0.0
2022-10-18,1650.495,1661.26501,1645.60999,1651.82727,0.0
2022-10-19,1651.995,1654.89502,1627.25,1628.48828,0.0
2022-10-20,1629.92993,1645.82996,1621.93005,1627.6637,0.0
2022-10-21,1628.099976,1659.080078,1617.20996,1656.66003,0.0
2022-10-24,1658.19495,1670.54504,1643.64001,1648.59998,0.0
2022-10-25,1649.69995,1662.89001,1637.81995,1652.52393,0.0
2022-10-26,1653.21497,1675.12,1649.14502,1664.4884,0.0
2022-10-27,1664.5,1671.089966,1654.80505,1662.93994,0.0
2022-10-28,1663.30005,1667.43994,1637.39001,1641.76001,0.0
2022-10-31,1643.69495,1645.79504,1631.76501,1633.12244,0.0
2022-11-01,1633.39514,1657.125,1630.92505,1647.5033,0.0
2022-11-02,1647.77002,1669.60498,1634.40002,1634.88696,0.0
2022-11-03,1635.80005,1641.32495,1616.17505,1629.15002,0.0
2022-11-04,1629.40002,1682.17383,1628.23499,1680.27002,0.0
2022-11-07,1681.29504,1682.084961,1666.43506,1674.68005,0.0
2022-11-08,1674.75,1717.31006,1664.32495,1712.52002,0.0
2022-11-09,1712.60498,1722.94495,1701.78503,1706.31995,0.0
2022-11-10,1706.41504,1757.52002,1703.32495,1754.86035,0.0
2022-11-11,1754.92004,1773.17004,1746.85498,1770.68994,0.0
2022-11-14,1771.41504,1775.35999,1752.89502,1771.80005,0.0
2022-11-15,1771.875,1786.68005,1766.56494,1778.25,0.0
2022-11-16,1778.33997,1785.495,1769.82495,1773.77002,0.0
2022-11-17,1773.82251,1775.20496,1754.125,1760.87,0.0
2022-11-18,1760.745,1767.98499,1747.035034,1749.73999,0.0
2022-11-21,1750.82495,1753.51501,1732.030029,1737.80811,0.0
2022-11-22,1738.48499,1749.98499,1736.61499,1740.23999,0.0
2022-11-23,1740.29504,1753.53821,1728.25,1749.28003,0.0
2022-11-24,1749.52502,1759.084961,1749.025024,1754.95996,0.0
2022-11-25,1756.4801,1761.57996,1745.45996,1756.14001,0.0
2022-11-28,1755.0,1764.084961,1739.14001,1740.75,0.0
2022-11-29,1740.81995,1759.32996,1738.97998,1749.72998,0.0
2022-11-30,1749.82495,1770.38501,1744.40503,1768.44995,0.0
2022-12-01,1768.53503,1804.31995,1767.36499,1802.89001,0.0
2022-12-02,1803.15002,1804.93005,1778.255,1797.81995,0.0
2022-12-05,1797.91504,1810.33496,1765.32495,1768.39001,0.0
2022-12-06,1768.66504,1781.46497,1765.72266,1770.91003,0.0
2022-12-07,1771.13501,1790.92004,1768.32495,1786.21997,0.0
2022-12-08,1786.28503,1795.17505,1780.95996,1789.22998,0.0
2022-12-09,1789.30005,1806.44995,1787.96497,1796.63,0.0
2022-12-12,1797.34998,1798.0,1777.21997,1781.15002,0.0
2022-12-13,1781.20996,1824.87,1779.81494,1810.29004,0.0
2022-12-14,1810.48999,1814.18506,1796.074951,1807.27002,0.0
2022-12-15,1807.39502,1809.094971,1772.0,1776.66003,0.0
2022-12-16,1776.72498,1794.68506,1773.88501,1792.33997,0.0
2022-12-19,1793.125,1799.10498,1783.47998,1787.43994,0.0
2022-12-20,1787.48999,1821.59998,1784.21497,1817.40845,0.0
2022-12-21,1818.055054,1824.38501,1811.23999,1814.13,0.0
2022-12-22,1814.20496,1821.099976,1784.11499,1792.56995,0.0
2022-12-23,1792.64502,1803.59998,1789.61621,1797.91003,0.0
2022-12-26,1798.57495,1798.77991,1797.61462,1797.61462,0.0
2022-12-27,1796.67004,1833.3927,1796.20496,1813.93005,0.0
2022-12-28,1814.0,1815.18005,1796.56006,1804.089966,0.0
2022-12-29,1804.15503,1820.52002,1802.02002,1814.89001,0.0
2022-12-30,1815.14001,1826.73499,1809.83997,1824.40002,0.0
2023-01-02,1823.85498,1823.94495,1823.68994,1823.68994,0.0
2023-01-03,1826.13501,1850.69495,1824.42004,1839.48999,0.0
2023-01-04,1839.51001,1865.495,1835.92004,1854.089966,0.0
2023-01-05,1854.19495,1859.35999,1824.67505,1833.18994,0.0
2023-01-06,1833.26501,1870.37,1830.53003,1865.70996,0.0
2023-01-09,1865.45496,1881.80005,1864.58997,1871.58997,0.0
2023-01-10,1871.66003,1881.035034,1867.37,1877.27002,0.0
2023-01-11,1877.29504,1887.089966,1866.75,1876.38,0.0
2023-01-12,1876.42505,1901.875,1873.63501,1896.85999,0.0
2023-01-13,1897.030029,1922.23999,1891.80005,1920.20996,0.0
2023-01-16,1920.38501,1929.24219,1910.73999,1918.00061035,0.0
2023-01-17,1917.81494,1919.82996,1903.505,1908.39001,0.0
2023-01-18,1908.46497,1926.29504,1896.55957,1903.76001,0.0
2023-01-19,1903.83496,1935.40002,1900.48499,1931.39001,0.0
2023-01-20,1931.47998,1937.71814,1920.57642,1926.57397,0.0
2023-01-23,1926.20496,1935.69055,1911.43506,1931.30005,0.0
2023-01-24,1931.35498,1942.92505,1916.82495,1937.44995,0.0
2023-01-25,1937.53503,1948.12,1919.88,1945.93005,0.0
2023-01-26,1946.094971,1949.27087,1918.745,1928.98999,0.0
2023-01-27,1929.40002,1935.14502,1916.64502,1927.33997,0.0
2023-01-30,1928.39502,1934.61499,1920.58496,1922.51733,0.0
2023-01-31,1922.81995,1931.15417,1900.745,1927.88,0.0
2023-02-01,1927.92004,1954.63,1920.56006,1950.42004,0.0
2023-02-02,1950.53503,1959.76941,1911.3291,1912.37,0.0
2023-02-03,1912.57495,1918.71997,1861.41492,1865.53003,0.0
2023-02-06,1865.16504,1881.53503,1860.38501,1867.35999,0.0
2023-02-07,1867.38501,1884.44775,1864.93518,1873.81006,0.0
2023-02-08,1874.045044,1886.28369,1867.40149,1875.58997,0.0
2023-02-09,1875.64001,1890.68994,1858.89014,1861.39001,0.0
2023-02-10,1861.68005,1872.31494,1852.69019,1864.67004,0.0
2023-02-13,1865.69495,1866.83447,1850.4176,1853.39001,0.0
2023-02-14,1853.67004,1871.030029,1843.19995,1854.29004,0.0
2023-02-15,1854.35498,1860.18188,1830.19995,1836.18994,0.0
2023-02-16,1836.56494,1845.45496,1827.18005,1837.43994,0.0
2023-02-17,1837.51501,1843.76501,1818.34497,1841.58997,0.0
2023-02-20,1842.73499,1847.85999,1837.09375,1841.14001,0.0
2023-02-21,1841.71497,1844.44495,1829.69995,1834.32324,0.0
2023-02-22,1834.70996,1846.255,1823.045044,1825.040039,0.0
2023-02-23,1825.12,1834.42505,1817.55005,1822.64001,0.0
2023-02-24,1822.745,1827.97937,1808.90503,1810.81006,0.0
2023-02-27,1812.0050049,1820.22498,1806.68201,1817.31006,0.0
2023-02-28,1817.375,1831.26501,1804.65002,1827.15002,0.0
2023-03-01,1827.245,1845.050049,1823.046387,1836.80505,0.0
2023-03-02,1837.20496,1838.93994,1829.43994,1836.00036621,0.0
2023-03-03,1836.099976,1856.46997,1834.505,1854.96997,0.0
2023-03-06,1855.35498,1858.84497,1845.079956,1846.84998,0.0
2023-03-07,1846.92004,1852.26001,1812.72498,1813.52002,0.0
2023-03-08,1813.61499,1824.37817,1809.40161,1813.58997,0.0
2023-03-09,1813.65002,1835.56006,1811.83997,1830.89001,0.0
2023-03-10,1830.96497,1870.27954,1827.71497,1867.82996,0.0
2023-03-13,1869.01001,1914.79004,1869.01001,1913.23499,0.0
2023-03-14,1913.18994,1914.51501,1895.17004,1902.11707,0.0
2023-03-15,1903.91003,1937.45605,1885.7821,1918.097534,0.0
2023-03-16,1920.54004,1934.12,1907.54712,1919.11609,0.0
2023-03-17,1920.0,1989.79932,1918.32996,1987.93005,0.0
2023-03-20,1987.59497,2010.19495,1965.77002,1978.71216,0.0
2023-03-21,1979.17004,1985.30139,1935.41077,1940.14612,0.0
2023-03-22,1940.43506,1978.92505,1934.32996,1969.58105,0.0
2023-03-23,1967.91003,2003.43457,1964.38501,1993.5033,0.0
2023-03-24,1993.995,2003.19495,1975.17505,1977.21716,0.0
2023-03-27,1977.66003,1979.89001,1943.67505,1956.55945,0.0
2023-03-28,1957.22998,1975.44995,1948.66003,1973.69275,0.0
2023-03-29,1972.81995,1974.63501,1958.62,1964.040405,0.0
2023-03-30,1962.57996,1984.40039,1955.4408,1980.25024,0.0
2023-03-31,1978.62,1987.84497,1966.89062,1967.90002,0.0
2023-04-03,1970.84497,1990.64001,1949.82288,1984.10571,0.0
2023-04-04,1984.59497,2025.18994,1977.012939,2019.97021,0.0
2023-04-05,2020.44006,2032.20496,2009.995,2020.35327,0.0
2023-04-06,2020.125,2021.625,2000.8772,2008.016357,0.0
2023-04-10,2008.29504,2011.17383,1981.59497,1989.65247,0.0
2023-04-11,1990.36499,2007.57971,1988.72095,2003.14087,0.0
2023-04-12,2003.66504,2028.39502,2001.17505,2014.67114,0.0
2023-04-13,2014.0,2048.84497,2012.44995,2039.73499,0.0
2023-04-14,2040.39502,2047.60034,1992.40674,2003.040039,0.0
2023-04-17,2001.84998,2015.13,1981.34497,1994.77112,0.0
2023-04-18,1995.19495,2011.97998,1991.32837,2004.92603,0.0
2023-04-19,2007.495,2008.33093,1969.27686,1993.26416,0.0
2023-04-20,1993.57996,2012.745,1990.48865,2004.33838,0.0
2023-04-21,2004.28503,2005.75,1971.64502,1982.89478,0.0
2023-04-24,1981.33997,1990.96997,1974.18506,1988.87573,0.0
2023-04-25,1991.44995,2003.90002,1976.14453,1997.87231,0.0
2023-04-26,2000.63,2009.51001,1983.42505,1989.47986,0.0
2023-04-27,1987.58496,2003.44995,1973.79504,1987.87024,0.0
2023-04-28,1986.75,1995.125,1976.084961,1989.64746,0.0
2023-05-01,1991.34497,2006.045044,1977.050049,1982.045288,0.0
2023-05-02,1982.81006,2019.53503,1978.38342,2016.27795,0.0
2023-05-03,2036.85999,2080.71997,2030.33997,2051.11011,0.0
2023-05-04,2036.86499,2073.29492,2030.34106,2051.1084,0.0
2023-05-05,2051.7251,2053.13208,1999.30005,2016.54285,0.0
2023-05-08,2015.94995,2029.625,2014.10498,2021.39001,0.0
2023-05-09,2022.23999,2037.70496,2019.5,2034.17004,0.0
2023-05-10,2034.19495,2048.21997,2021.57166,2029.51001,0.0
2023-05-11,2030.55505,2041.44495,2011.19495,2015.54993,0.0
2023-05-12,2015.19495,2022.56494,2001.045044,2011.15002,0.0
2023-05-15,2011.71997,2022.20325,2007.27588,2018.41003,0.0
2023-05-16,2015.89502,2018.94495,1985.47498,1988.60339,0.0
2023-05-17,1988.93994,1993.13354,1974.80005,1981.72217,0.0
2023-05-18,1981.51501,1986.12024,1951.96606,1958.053345,0.0
2023-05-19,1957.39502,1984.094971,1954.049927,1976.55505,0.0
2023-05-22,1977.79504,1982.65723,1968.40002,1969.43164,0.0
2023-05-23,1971.995,1977.79504,1954.28589,1974.72754,0.0
2023-05-24,1975.19495,1985.30005,1956.51379,1957.011353,0.0
2023-05-25,1958.1344,1964.94995,1938.86255,1940.33643,0.0
2023-05-26,1940.68994,1957.39502,1936.84497,1946.32507,0.0
2023-05-29,1944.094971,1949.74988,1940.29504,1942.83997,0.0
2023-05-30,1944.19495,1963.63281,1932.081909,1959.14453,0.0
2023-05-31,1959.29504,1975.34497,1953.6665,1962.30115,0.0
2023-06-01,1962.79504,1983.26501,1953.42725,1977.87512,0.0
2023-06-02,1978.13989,1983.51501,1947.6322,1947.6322,0.0
2023-06-05,1947.59497,1964.13049,1938.14465,1961.45276,0.0
2023-06-06,1962.10999,1966.84998,1954.0,1962.84753,0.0
2023-06-07,1963.59497,1970.26318,1939.63184,1939.63184,0.0
2023-06-08,1940.59497,1970.49756,1939.80591,1967.76147,0.0
2023-06-09,1968.099976,1973.094971,1956.72864,1960.59973,0.0
2023-06-12,1960.25,1967.54504,1948.80005,1956.92175,0.0
2023-06-13,1957.69495,1970.745,1939.995,1943.32849,0.0
2023-06-14,1943.495,1960.40503,1939.72546,1942.99036,0.0
2023-06-15,1943.44495,1960.34302,1925.29504,1957.65479,0.0
2023-06-16,1957.68005,1967.99878,1953.41943,1957.36255,0.0
2023-06-19,1957.995,1958.92505,1947.80005,1950.12,0.0
2023-06-20,1950.89502,1956.86865,1929.77014,1935.91394,0.0
2023-06-21,1935.42004,1939.54504,1919.34497,1932.26306,0.0
2023-06-22,1932.094971,1935.0023193,1912.34497,1913.51599,0.0
2023-06-23,1913.79504,1937.099976,1910.245,1921.36316,0.0
2023-06-26,1924.29504,1933.47998,1921.59497,1922.85327,0.0
2023-06-27,1923.20996,1930.84998,1911.18506,1913.35254,0.0
2023-06-28,1913.59497,1917.23792,1902.84497,1907.42334,0.0
2023-06-29,1908.79504,1913.14844,1893.0096436,1908.15247,0.0
2023-06-30,1908.53003,1922.89795,1900.55652,1919.56543,0.0
2023-07-03,1919.39502,1931.094971,1910.099976,1921.42847,0.0
2023-07-04,1921.78003,1930.83997,1919.89502,1925.089966,0.0
2023-07-05,1925.90002,1935.16504,1914.48254,1917.32239,0.0
2023-07-06,1916.045044,1927.68994,1902.67505,1910.79724,0.0
2023-07-07,1911.069946,1934.92004,1909.55579,1924.28247,0.0
2023-07-10,1925.19495,1928.31152,1912.67932,1924.99365,0.0
2023-07-11,1925.39502,1938.69495,1924.3988,1931.995,0.0
2023-07-12,1932.59497,1959.82227,1932.18237,1957.088501,0.0
2023-07-13,1957.43994,1963.69495,1952.71448,1960.19446,0.0
2023-07-14,1961.58496,1963.81482,1951.0,1954.92542,0.0
2023-07-17,1954.89502,1959.91003,1945.82446,1954.73547,0.0
2023-07-18,1954.59497,1984.39331,1954.44495,1978.71497,0.0
2023-07-19,1978.96997,1981.045044,1969.74731,1976.73572,0.0
2023-07-20,1976.79504,1987.59497,1965.40002,1969.62012,0.0
2023-07-21,1969.98999,1973.88879,1956.82495,1960.22729,0.0
2023-07-24,1962.094971,1967.97009,1953.4187,1954.51257,0.0
2023-07-25,1955.19995,1966.029907,1953.20764,1964.5824,0.0
2023-07-26,1964.995,1978.3147,1961.99451,1972.10315,0.0
2023-07-27,1972.075073,1982.245,1942.61047,1944.98621,0.0
2023-07-28,1944.27087,1963.70996,1944.27087,1959.20129,0.0
2023-07-31,1959.495,1972.44495,1951.0,1964.18835,0.0
2023-08-01,1965.099976,1966.245,1941.20496,1944.079346,0.0
2023-08-02,1945.745,1955.39502,1933.0,1933.56494,0.0
2023-08-03,1934.65503,1939.030029,1929.54504,1933.73694,0.0
2023-08-04,1934.12,1947.19495,1929.75,1941.62329,0.0
2023-08-07,1942.59497,1946.81458,1931.52502,1936.38708,0.0
2023-08-08,1936.76001,1938.1532,1922.5,1924.81506,0.0
2023-08-09,1925.16003,1932.47998,1914.04834,1914.58899,0.0
2023-08-10,1914.93994,1930.10925,1911.72876,1912.060669,0.0
2023-08-11,1912.64502,1921.14502,1910.94495,1913.31824,0.0
2023-08-14,1913.66992,1916.54504,1902.19995,1907.90259,0.0
2023-08-15,1907.39502,1912.19495,1896.15002,1901.55713,0.0
2023-08-16,1901.59497,1907.89502,1891.30005,1891.76221,0.0
2023-08-17,1892.20496,1903.89502,1884.5,1888.88733,0.0
2023-08-18,1889.495,1897.44495,1886.19995,1888.19336,0.0
2023-08-21,1889.40002,1899.045044,1884.5,1893.94495,0.0
2023-08-22,1895.094971,1905.045044,1888.59998,1897.0026855,0.0
2023-08-23,1897.79504,1920.94495,1897.22815,1914.31494,0.0
2023-08-24,1914.15002,1923.94495,1911.34998,1916.59705,0.0
2023-08-25,1917.79993,1923.094971,1903.40002,1914.52551,0.0
2023-08-28,1916.094971,1926.18506,1912.8335,1919.65857,0.0
2023-08-29,1920.22998,1938.41125,1914.0,1937.12219,0.0
2023-08-30,1937.47998,1949.036255,1934.94495,1942.23987,0.0
2023-08-31,1942.60999,1948.19495,1938.86499,1939.74414,0.0
2023-09-01,1940.19495,1953.44495,1934.59497,1938.79504,0.0
2023-09-04,1940.495,1946.42004,1936.15002,1938.19128,0.0
2023-09-05,1938.59497,1939.12561,1925.21753,1925.81116,0.0
2023-09-06,1926.16003,1929.79504,1914.80005,1916.27588,0.0
2023-09-07,1916.86499,1923.67004,1916.099976,1919.18665,0.0
2023-09-08,1919.56995,1930.19495,1917.3595,1917.80505,0.0
2023-09-11,1919.16003,1930.89502,1916.89502,1921.6626,0.0
2023-09-12,1922.89502,1925.045044,1907.15002,1913.26135,0.0
2023-09-13,1913.55005,1916.29504,1905.5,1906.30225,0.0
2023-09-14,1906.68005,1912.98987,1900.95496,1910.31885,0.0
2023-09-15,1910.89502,1930.84497,1909.745,1923.57495,0.0
2023-09-18,1924.19495,1934.60754,1922.15002,1933.13965,0.0
2023-09-19,1933.68005,1937.94495,1929.71436,1930.94495,0.0
2023-09-20,1931.69495,1947.79602,1927.9032,1929.68384,0.0
2023-09-21,1930.995,1931.73889,1913.40002,1919.56909,0.0
2023-09-22,1920.084961,1929.64502,1919.57629,1924.98755,0.0
2023-09-25,1925.23999,1927.26001,1915.0030518,1915.65527,0.0
2023-09-26,1916.030029,1916.89099,1899.17371,1900.48608,0.0
2023-09-27,1900.69495,1903.95142,1872.47498,1874.69531,0.0
2023-09-28,1875.73499,1880.14502,1857.75879,1864.55908,0.0
2023-09-29,1865.42505,1880.245,1846.33582,1848.31335,0.0
2023-10-02,1848.13,1849.063965,1826.59998,1827.40332,0.0
2023-10-03,1827.96484,1833.3634,1814.69995,1822.81165,0.0
2023-10-04,1824.29504,1831.045044,1816.15002,1821.075439,0.0
2023-10-05,1820.495,1829.30005,1812.69995,1820.0058594,0.0
2023-10-06,1820.39502,1834.96997,1810.099976,1832.25732,0.0
2023-10-09,1832.73999,1864.14502,1832.63245,1860.88147,0.0
2023-10-10,1861.27002,1865.64502,1852.65002,1860.087402,0.0
2023-10-11,1859.995,1877.21997,1858.59595,1873.60815,0.0
2023-10-12,1874.099976,1885.29504,1866.91504,1868.64905,0.0
2023-10-13,1869.02002,1933.76282,1868.94495,1931.69751,0.0
2023-10-16,1929.29504,1931.79504,1907.65002,1919.43872,0.0
2023-10-17,1920.14001,1931.5592,1911.84998,1922.45544,0.0
2023-10-18,1923.69995,1962.73743,1923.045044,1947.6886,0.0
2023-10-19,1947.995,1977.86194,1945.18286,1973.70349,0.0
2023-10-20,1974.31006,1997.27185,1971.92505,1981.044556,0.0
2023-10-23,1972.89502,1983.39502,1964.35791,1972.59326,0.0
2023-10-24,1972.96997,1980.99353,1953.5,1970.10999,0.0
2023-10-25,1971.35999,1987.19495,1963.34497,1979.61841,0.0
2023-10-26,1979.96997,1994.045044,1971.59998,1984.81775,0.0
2023-10-27,1985.17004,2009.48206,1976.34998,2005.78369,0.0
2023-10-30,2004.79504,2007.37012,1990.5,1995.87842,0.0
2023-10-31,1996.0,2007.79504,1978.89502,1982.70496,0.0
2023-11-01,1983.014893,1992.09375,1969.90405,1982.15002,0.0
2023-11-02,1983.52502,1991.495,1978.89502,1985.50696,0.0
2023-11-03,1985.69495,2004.055542,1983.26196,1992.26758,0.0
2023-11-06,1992.29504,1993.29504,1977.52051,1977.68335,0.0
2023-11-07,1978.19495,1978.75244,1956.19995,1968.40491,0.0
2023-11-08,1968.84497,1971.1217,1947.47876,1949.79004,0.0
2023-11-09,1950.094971,1965.69495,1944.30005,1958.18994,0.0
2023-11-10,1958.39502,1960.9259,1933.17505,1936.79004,0.0
2023-11-13,1937.050049,1949.26892,1931.72522,1945.89001,0.0
2023-11-14,1946.19495,1970.84497,1943.40002,1962.67395,0.0
2023-11-15,1963.045044,1975.59497,1955.40503,1959.091187,0.0
2023-11-16,1959.44495,1988.034668,1956.49451,1980.8512,0.0
2023-11-17,1981.20996,1993.94495,1978.59497,1980.0076904,0.0
2023-11-20,1980.39001,1985.2627,1965.19995,1977.19409,0.0
2023-11-21,1977.495,2007.51501,1977.33655,1998.36926,0.0
2023-11-22,1998.69495,2006.89502,1986.89001,1989.72351,0.0
2023-11-23,1990.14502,1999.19495,1989.011597,1991.79004,0.0
2023-11-24,1994.064941,2003.68164,1991.40002,2001.96997,0.0
2023-11-27,2002.77502,2018.13953,2000.66772,2013.64294,0.0
2023-11-28,2013.94495,2042.99707,2011.59998,2040.89001,0.0
2023-11-29,2041.245,2052.094971,2035.050049,2044.58997,0.0
2023-11-30,2044.79504,2047.59497,2031.84497,2035.75452,0.0
2023-12-01,2034.495,2075.34497,2033.75,2070.90112,0.0
2023-12-04,2071.070068,2135.71997,2020.41003,2030.060059,0.0
2023-12-05,2030.14502,2041.32703,2010.015015,2019.42029,0.0
2023-12-06,2019.745,2036.29504,2017.2655,2024.89746,0.0
2023-12-07,2025.29504,2039.92603,2020.26001,2028.33752,0.0
2023-12-08,2028.69495,2034.18616,1994.74475,2003.39001,0.0
2023-12-11,2003.59998,2008.71997,1975.94995,1981.30298,0.0
2023-12-12,1981.59497,1996.79504,1977.18506,1979.4375,0.0
2023-12-13,1979.745,2027.54504,1973.091675,2026.39001,0.0
2023-12-14,2026.59497,2047.98499,2024.32776,2035.52795,0.0
2023-12-15,2035.79504,2045.54504,2015.68372,2018.18994,0.0
2023-12-18,2020.094971,2033.70911,2015.995,2026.99792,0.0
2023-12-19,2027.29504,2047.074097,2021.73657,2040.12085,0.0
2023-12-20,2040.34497,2043.94495,2029.18994,2029.18994,0.0
2023-12-21,2029.44495,2046.067749,2029.44495,2045.49414,0.0
2023-12-22,2045.84497,2070.64502,2045.64502,2052.9751,0.0
2023-12-25,2054.32007,2058.36011,2053.95996,2054.92993,0.0
2023-12-26,2055.7251,2068.64502,2053.59351,2067.19995,0.0
2023-12-27,2066.69507,2084.58789,2061.0,2076.99512,0.0
2023-12-28,2077.34497,2088.53882,2065.8938,2066.042236,0.0
2023-12-29,2065.14502,2075.14502,2057.75,2062.59009,0.0
2024-01-01,2064.23999,2074.8999,2063.30005,2063.80005,0.0
2024-01-02,2062.90479,2079.02002,2056.044922,2058.5105,0.0
2024-01-03,2059.14502,2066.11865,2030.67505,2040.19031,0.0
2024-01-04,2041.34497,2051.39502,2036.245,2043.26465,0.0
2024-01-05,2043.69495,2064.026855,2024.495,2045.49561,0.0
2024-01-08,2044.084961,2046.7135,2016.84497,2027.84302,0.0
2024-01-09,2028.39502,2042.094971,2026.11401,2029.59485,0.0
2024-01-10,2029.94495,2040.44495,2020.44995,2023.40198,0.0
2024-01-11,2023.745,2039.69495,2013.31909,2028.089966,0.0
2024-01-12,2028.29504,2062.34668,2027.995,2048.71924,0.0
2024-01-15,2048.094971,2059.24512,2045.79504,2054.48999,0.0
2024-01-16,2054.90991,2055.646,2024.29004,2027.58997,0.0
2024-01-17,2027.89502,2033.045044,2001.91003,2005.71936,0.0
2024-01-18,2006.094971,2023.44727,2005.42505,2022.67041,0.0
2024-01-19,2023.045044,2039.495,2020.36548,2029.089966,0.0
2024-01-22,2029.89502,2032.28369,2016.745,2020.094849,0.0
2024-01-23,2021.245,2037.92456,2019.58997,2027.6781,0.0
2024-01-24,2028.94495,2036.745,2011.28088,2012.58997,0.0
2024-01-25,2012.84497,2025.26562,2010.14502,2019.75183,0.0
2024-01-26,2019.94495,2026.79504,2015.96948,2018.33997,0.0
2024-01-29,2019.39502,2037.74939,2017.38379,2031.74878,0.0
2024-01-30,2031.96997,2048.47534,2029.18994,2036.11511,0.0
2024-01-31,2036.57996,2056.078369,2031.0018311,2037.18994,0.0
2024-02-01,2037.59497,2065.41968,2029.55005,2054.090088,0.0
2024-02-02,2055.094971,2058.19507,2027.44995,2038.58997,0.0
2024-02-05,2039.90503,2042.3241,2014.40002,2024.67065,0.0
2024-02-06,2024.995,2039.02002,2022.55005,2035.46228,0.0
2024-02-07,2035.89502,2044.65491,2030.64502,2034.21863,0.0
2024-02-08,2034.54504,2038.94495,2019.75,2033.17786,0.0
2024-02-09,2033.64502,2037.44495,2020.30115,2024.15698,0.0
2024-02-12,2024.52502,2028.094971,2011.91003,2019.79004,0.0
2024-02-13,2019.89502,2030.045044,1990.18787,1992.13306,0.0
2024-02-14,1992.54504,1996.14478,1984.29504,1992.39001,0.0
2024-02-15,1992.69495,2008.495,1990.2511,2004.087524,0.0
2024-02-16,2004.39502,2015.25439,1995.255,2013.10083,0.0
2024-02-19,2013.15503,2023.34497,2011.56995,2017.62524,0.0
2024-02-20,2017.995,2030.96326,2015.021606,2023.52783,0.0
2024-02-21,2023.79504,2032.2157,2020.19495,2024.98999,0.0
2024-02-22,2025.245,2034.84497,2019.69995,2024.11243,0.0
2024-02-23,2024.495,2041.43274,2015.55005,2035.71765,0.0
2024-02-26,2034.495,2037.59497,2025.10498,2030.65796,0.0
2024-02-27,2030.995,2039.995,2028.77502,2029.63782,0.0
2024-02-28,2030.045044,2038.29504,2024.56006,2034.62,0.0
2024-02-29,2034.92004,2050.79492,2027.75,2043.24414,0.0
2024-03-01,2043.44495,2088.39502,2038.55005,2083.38989,0.0
2024-03-04,2082.094971,2119.94604,2079.44751,2114.98999,0.0
2024-03-05,2115.14502,2142.14502,2110.5249,2127.54541,0.0
2024-03-06,2127.94507,2152.29492,2123.6499,2148.29004,0.0
2024-03-07,2148.54492,2164.54492,2144.29175,2159.15869,0.0
2024-03-08,2159.39502,2195.20361,2154.082275,2177.51001,0.0
2024-03-11,2177.70508,2189.035889,2174.80005,2182.46997,0.0
2024-03-12,2182.99512,2184.85547,2150.59497,2157.98999,0.0
2024-03-13,2158.24512,2179.91406,2155.54492,2174.3999,0.0
2024-03-14,2174.29004,2177.095215,2152.85718,2161.014893,0.0
2024-03-15,2162.39502,2173.24512,2155.1936,2155.54272,0.0
2024-03-18,2155.99512,2163.64014,2146.050049,2159.98608,0.0
2024-03-19,2160.69507,2162.927,2146.8999,2157.22583,0.0
2024-03-20,2158.29492,2188.89502,2149.59937,2185.9585,0.0
2024-03-21,2185.99512,2222.89502,2166.49512,2180.80713,0.0
2024-03-22,2181.49512,2186.24512,2157.14502,2164.14502,0.0
2024-03-25,2165.79492,2181.29834,2163.5,2171.45215,0.0
2024-03-26,2171.82495,2200.14502,2167.74512,2178.58374,0.0
2024-03-27,2179.025146,2197.70508,2173.59497,2194.024902,0.0
2024-03-28,2194.18994,2235.89502,2187.3313,2232.37573,0.0
2024-04-01,2239.59497,2265.85547,2228.54492,2250.35571,0.0
2024-04-02,2250.87988,2281.1687,2246.78613,2280.095703,0.0
2024-04-03,2279.57495,2301.2207,2265.5,2299.17017,0.0
2024-04-04,2299.62012,2305.30884,2280.14502,2289.42871,0.0
2024-04-05,2289.87988,2330.34009,2267.85156,2329.5,0.0
2024-04-08,2321.99512,2354.094971,2302.85742,2338.89087,0.0
2024-04-09,2339.23999,2365.34497,2336.9397,2352.57666,0.0
2024-04-10,2352.90991,2360.14917,2319.54492,2332.79443,0.0
2024-04-11,2333.16992,2377.79736,2325.84497,2373.23779,0.0
2024-04-12,2373.59009,2431.53345,2333.89502,2343.42554,0.0
2024-04-15,2343.86011,2387.59497,2324.59497,2382.50781,0.0
2024-04-16,2382.86011,2398.34497,2362.94995,2382.83179,0.0
2024-04-17,2383.19995,2395.625,2354.84497,2360.80566,0.0
2024-04-18,2360.73999,2392.84497,2360.69629,2378.25073,0.0
2024-04-19,2378.6001,2417.79492,2372.9563,2390.45166,0.0
2024-04-22,2388.19507,2388.71729,2325.29492,2326.28589,0.0
2024-04-23,2326.62012,2334.48242,2291.39502,2321.81445,0.0
2024-04-24,2322.18994,2337.15503,2311.89502,2315.82202,0.0
2024-04-25,2316.19995,2344.86304,2305.28418,2331.78198,0.0
2024-04-26,2332.15991,2352.62012,2326.30078,2337.71509,0.0
2024-04-29,2337.5,2346.85498,2320.084961,2334.43579,0.0
2024-04-30,2335.10498,2336.54492,2284.57495,2284.57495,0.0
2024-05-01,2285.90991,2328.39502,2281.66016,2317.88257,0.0
2024-05-02,2319.88501,2326.57056,2285.58008,2303.2876,0.0
2024-05-03,2303.19507,2321.63989,2277.46509,2301.55688,0.0
2024-05-06,2293.97998,2331.97998,2291.90991,2326.1499,0.0
2024-05-07,2326.31006,2329.97998,2310.1001,2315.19995,0.0
2024-05-08,2315.3999,2321.42993,2303.73999,2309.050049,0.0
2024-05-09,2309.040039,2347.59497,2306.66504,2345.88452,0.0
2024-05-10,2346.26001,2378.44824,2345.25488,2360.14355,0.0
2024-05-13,2360.37988,2364.56006,2332.37988,2338.44995,0.0
2024-05-14,2338.38989,2359.65991,2334.93994,2355.87988,0.0
2024-05-15,2358.19507,2390.36011,2351.82007,2386.04248,0.0
2024-05-16,2391.92993,2397.3999,2371.1001,2377.8999,0.0
2024-05-17,2377.6001,2422.77002,2374.1001,2414.69995,0.0
2024-05-20,2417.78003,2450.060059,2407.56006,2426.36011,0.0
2024-05-21,2427.40991,2433.88989,2406.32007,2420.87988,0.0
2024-05-22,2420.96997,2426.55005,2375.070068,2378.75,0.0
2024-05-23,2378.97998,2383.77002,2327.27002,2328.62012,0.0
2024-05-24,2328.86011,2347.31006,2325.47998,2334.02002,0.0
2024-05-27,2340.27002,2358.46997,2334.57007,2350.97998,0.0
2024-05-28,2352.070068,2364.090088,2340.43994,2361.28003,0.0
2024-05-29,2362.3999,2362.59009,2334.71997,2338.26001,0.0
2024-05-30,2338.15991,2351.81006,2322.72998,2343.1001,0.0
2024-05-31,2344.26001,2359.71997,2320.6499,2327.38989,0.0
2024-06-03,2326.42993,2354.72998,2314.80005,2350.72998,0.0
2024-06-04,2351.92993,2352.80005,2315.72998,2327.01001,0.0
2024-06-05,2327.69995,2357.3999,2325.97998,2355.30005,0.0
2024-06-06,2357.050049,2378.47998,2353.6499,2375.8999,0.0
2024-06-07,2376.70996,2387.77002,2286.87988,2294.01001,0.0
2024-06-10,2297.34009,2313.82007,2287.86011,2310.97998,0.0
2024-06-11,2312.02002,2319.96997,2297.82007,2316.86011,0.0
2024-06-12,2316.62012,2341.67993,2310.82007,2324.97998,0.0
2024-06-13,2324.46997,2326.76001,2295.71997,2303.93994,0.0
2024-06-14,2303.18994,2336.63989,2301.62012,2332.79004,0.0
2024-06-17,2329.01001,2329.69995,2310.060059,2319.11011,0.0
2024-06-18,2320.060059,2333.1499,2306.65991,2329.47998,0.0
2024-06-19,2329.82007,2335.030029,2323.93994,2328.26001,0.0
2024-06-20,2330.22998,2365.53003,2327.81006,2360.15991,0.0
2024-06-21,2360.53003,2368.77002,2316.82007,2321.51001,0.0
2024-06-24,2321.43994,2334.68994,2317.78003,2334.38989,0.0
2024-06-25,2334.01001,2337.1499,2315.6001,2319.57007,0.0
2024-06-26,2319.38989,2324.02002,2293.80005,2298.26001,0.0
2024-06-27,2298.63989,2330.93994,2296.6001,2327.62012,0.0
2024-06-28,2327.6001,2339.71997,2319.18994,2326.68994,0.0
2024-07-01,2324.6499,2338.56006,2318.67993,2331.72998,0.0
2024-07-02,2332.22998,2336.78003,2319.42993,2329.46997,0.0
2024-07-03,2330.16992,2364.93994,2327.060059,2356.13989,0.0
2024-07-04,2357.030029,2362.55005,2350.81006,2357.44995,0.0
2024-07-05,2356.80005,2392.96997,2349.80005,2391.62012,0.0
2024-07-08,2389.57007,2391.19995,2351.23999,2359.20996,0.0
2024-07-09,2359.13989,2370.93994,2349.62012,2363.82007,0.0
2024-07-10,2364.42993,2386.68994,2363.32007,2371.37988,0.0
2024-07-11,2372.12012,2424.6001,2371.27002,2415.3501,0.0
2024-07-12,2414.8501,2418.31006,2391.53003,2411.11011,0.0
2024-07-15,2411.66992,2439.53003,2401.36011,2422.28003,0.0
2024-07-16,2421.97998,2469.6001,2420.070068,2468.67993,0.0
2024-07-17,2468.59009,2483.73999,2451.6499,2458.65991,0.0
2024-07-18,2458.90991,2474.93994,2440.47998,2445.090088,0.0
2024-07-19,2445.46997,2445.61011,2393.98999,2400.78003,0.0
2024-07-22,2403.84009,2412.15991,2384.02002,2396.57007,0.0
2024-07-23,2397.060059,2412.090088,2388.37988,2409.67993,0.0
2024-07-24,2408.8501,2431.98999,2396.86011,2397.29004,0.0
2024-07-25,2398.12012,2401.31006,2353.22998,2364.71997,0.0
2024-07-26,2364.33008,2390.80005,2355.87988,2387.070068,0.0
2024-07-29,2388.01001,2403.25,2369.81006,2383.57007,0.0
2024-07-30,2382.8501,2412.82007,2376.55005,2411.050049,0.0
2024-07-31,2409.73999,2450.96997,2403.94995,2447.51001,0.0
2024-08-01,2448.92993,2462.27002,2430.36011,2446.3999,0.0
2024-08-02,2446.51001,2477.72998,2411.19995,2442.67993,0.0
2024-08-05,2441.28003,2458.53003,2364.42993,2410.11011,0.0
2024-08-06,2410.76001,2418.3501,2381.84009,2389.8999,0.0
2024-08-07,2390.090088,2406.97998,2379.070068,2383.1001,0.0
2024-08-08,2382.36011,2427.6499,2381.070068,2427.27002,0.0
2024-08-09,2426.84009,2437.1001,2416.97998,2431.13989,0.0
2024-08-12,2428.30005,2473.19995,2423.8999,2472.13989,0.0
2024-08-13,2470.82007,2476.98999,2458.56006,2465.060059,0.0
2024-08-14,2466.90991,2479.81006,2438.26001,2448.02002,0.0
2024-08-15,2448.080078,2470.090088,2432.28003,2456.48999,0.0
2024-08-16,2456.19995,2509.72998,2450.82007,2507.69995,0.0
2024-08-19,2506.40991,2507.46997,2485.82007,2504.31006,0.0
2024-08-20,2503.42993,2531.71997,2497.38989,2514.02002,0.0
2024-08-21,2513.46997,2520.02002,2494.46997,2512.40991,0.0
2024-08-22,2511.96997,2514.68994,2470.90991,2484.80005,0.0
2024-08-23,2485.12012,2518.36011,2484.48999,2512.40991,0.0
2024-08-26,2512.12012,2526.8501,2508.78003,2518.040039,0.0
2024-08-27,2518.070068,2525.97998,2503.63989,2524.58008,0.0
2024-08-28,2525.27002,2529.01001,2493.71997,2504.72998,0.0
2024-08-29,2504.94995,2528.6499,2503.68994,2521.16992,0.0
2024-08-30,2521.030029,2526.80005,2494.34009,2503.44995,0.0
2024-09-02,2502.65991,2507.3501,2490.12012,2499.46997,0.0
2024-09-03,2499.37988,2506.28003,2473.68994,2492.97998,0.0
2024-09-04,2492.71997,2500.19995,2472.02002,2495.6499,0.0
2024-09-05,2495.45996,2523.22998,2493.90991,2516.76001,0.0
2024-09-06,2516.82007,2529.18994,2485.26001,2497.44995,0.0
2024-09-09,2497.050049,2507.21997,2485.71997,2506.31006,0.0
2024-09-10,2506.31006,2518.42993,2500.22998,2516.6499,0.0
2024-09-11,2516.42993,2528.86011,2501.090088,2511.51001,0.0
2024-09-12,2512.32007,2560.1001,2511.11011,2558.75,0.0
2024-09-13,2558.31006,2586.1001,2556.76001,2579.01001,0.0
2024-09-16,2578.28003,2589.68994,2575.31006,2582.51001,0.0
2024-09-17,2582.58008,2586.98999,2560.8999,2569.58008,0.0
2024-09-18,2569.48999,2600.15991,2547.15991,2559.37988,0.0
2024-09-19,2557.37988,2594.8999,2551.38989,2586.78003,0.0
2024-09-20,2586.26001,2625.82007,2584.88989,2622.27002,0.0
2024-09-23,2620.96997,2634.8501,2613.97998,2628.54004,0.0
2024-09-24,2627.17993,2664.37988,2622.81006,2657.13989,0.0
2024-09-25,2658.67993,2670.52002,2649.86011,2657.15991,0.0
2024-09-26,2657.56006,2685.61011,2655.13989,2672.43994,0.0
2024-09-27,2671.87988,2674.1499,2643.18994,2658.32007,0.0
2024-09-30,2661.73999,2666.050049,2624.77002,2634.72998,0.0
2024-10-01,2633.37988,2673.12012,2632.38989,2663.42993,0.0
2024-10-02,2661.94995,2663.32007,2641.27002,2658.80005,0.0
2024-10-03,2658.52002,2662.88989,2640.1001,2656.19995,0.0
2024-10-04,2657.070068,2670.19995,2632.1001,2653.52002,0.0
2024-10-07,2651.75,2659.6499,2637.87988,2643.31006,0.0
2024-10-08,2643.32007,2652.97998,2604.88989,2622.90991,0.0
2024-10-09,2622.98999,2624.38989,2605.22998,2609.26001,0.0
2024-10-10,2609.27002,2631.40991,2604.17993,2629.34009,0.0
2024-10-11,2629.42993,2661.47998,2628.23999,2656.17993,0.0
2024-10-12,2656.3501,2657.31006,2654.77002,2657.26001,0.0
2024-10-14,2649.93994,2666.72998,2643.31006,2652.63989,0.0
2024-10-15,2652.62012,2668.93994,2638.22998,2661.81006,0.0
2024-10-16,2661.84009,2685.27002,2658.77002,2674.97998,0.0
2024-10-17,2674.98999,2696.76001,2673.19995,2692.11011,0.0
2024-10-18,2692.13989,2721.30005,2691.02002,2719.71997,0.0
2024-10-19,2719.8501,2722.6001,2719.31006,2721.67993,0.0
2024-10-21,2723.13989,2740.6001,2714.34009,2719.93994,0.0
2024-10-22,2720.060059,2748.8999,2718.93994,2748.71997,0.0
2024-10-23,2748.65991,2758.51001,2708.88989,2716.1001,0.0
2024-10-24,2716.18994,2743.31006,2714.30005,2736.81006,0.0
2024-10-25,2736.8501,2745.1001,2717.17993,2742.56006,0.0
2024-10-26,2742.6001,2747.68994,2742.57007,2747.62988,0.0
2024-10-28,2733.68994,2745.98999,2724.80005,2742.59009,0.0
2024-10-29,2742.59009,2774.80005,2740.12012,2772.27002,0.0
2024-10-30,2772.34009,2790.01001,2771.060059,2787.56006,0.0
2024-10-31,2787.55005,2790.1001,2731.6499,2746.56006,0.0
2024-11-01,2746.57007,2762.31006,2733.31006,2734.15991,0.0
2024-11-02,2734.31006,2736.91992,2733.3999,2736.3999,0.0
2024-11-04,2733.36011,2748.22998,2732.01001,2738.38989,0.0
2024-11-05,2738.3999,2750.01001,2724.78003,2740.47998,0.0
2024-11-06,2740.44995,2749.72998,2652.6001,2667.15991,0.0
2024-11-07,2667.15991,2700.38989,2643.77002,2694.44995,0.0
2024-11-08,2694.3999,2710.43994,2680.3999,2687.18994,0.0
2024-11-09,2687.1499,2688.63989,2682.97998,2684.19995,0.0
2024-11-11,2682.55005,2686.12988,2610.76001,2619.23999,0.0
2024-11-12,2619.3501,2626.98999,2589.8999,2598.27002,0.0
2024-11-13,2598.26001,2618.68994,2577.72998,2581.050049,0.0
2024-11-14,2581.060059,2581.42993,2536.8999,2576.02002,0.0
2024-11-15,2576.060059,2576.15991,2554.62012,2563.93994,0.0
2024-11-16,2563.92993,2563.96997,2559.98999,2563.070068,0.0
2024-11-18,2568.13989,2615.090088,2568.13989,2609.87988,0.0
2024-11-19,2609.84009,2639.48999,2608.31006,2630.77002,0.0
2024-11-20,2630.81006,2655.47998,2618.96997,2650.94995,0.0
2024-11-21,2650.86011,2673.55005,2647.30005,2669.72998,0.0
2024-11-22,2669.78003,2711.47998,2668.15991,2708.22998,0.0
2024-11-23,2708.1499,2716.30005,2705.15991,2716.080078,0.0
2024-11-25,2711.84009,2721.34009,2615.72998,2625.72998,0.0
2024-11-26,2625.92993,2641.98999,2605.3501,2628.11011,0.0
2024-11-27,2628.27002,2658.21997,2627.1499,2634.78003,0.0
2024-11-28,2634.77002,2649.69995,2621.02002,2637.38989,0.0
2024-11-29,2638.67993,2666.3501,2634.43994,2650.11011,0.0
2024-12-02,2649.37988,2651.55005,2621.98999,2637.69995,0.0
2024-12-03,2637.6001,2655.62012,2634.27002,2641.030029,0.0
2024-12-04,2640.90991,2657.13989,2632.68994,2651.80005,0.0
2024-12-05,2651.72998,2655.56006,2623.68994,2629.87988,0.0
2024-12-06,2629.90991,2645.67993,2613.8501,2634.8999,0.0
2024-12-07,2635.030029,2636.46997,2631.21997,2633.19995,0.0
2024-12-09,2643.19995,2676.43994,2627.59009,2660.31006,0.0
2024-12-10,2659.96997,2695.61011,2656.82007,2691.97998,0.0
2024-12-11,2692.01001,2721.13989,2675.55005,2718.11011,0.0
2024-12-12,2718.12012,2726.30005,2675.22998,2683.070068,0.0
2024-12-13,2683.070068,2692.76001,2652.31006,2653.070068,0.0
2024-12-14,2653.030029,2653.56006,2646.23999,2648.51001,0.0
2024-12-16,2649.1499,2664.47998,2643.6499,2653.36011,0.0
2024-12-17,2653.3501,2658.76001,2633.22998,2645.40991,0.0
2024-12-18,2645.44995,2651.80005,2604.28003,2604.28003,0.0
2024-12-19,2604.63989,2626.44995,2583.55005,2596.8501,0.0
2024-12-20,2596.98999,2631.77002,2589.80005,2627.94995,0.0
2024-12-21,2627.93994,2628.13989,2619.3999,2623.29004,0.0
2024-12-23,2622.87988,2633.30005,2608.18994,2611.27002,0.0
2024-12-24,2611.37988,2621.46997,2609.22998,2617.27002,0.0
2024-12-26,2616.29004,2639.12012,2615.22998,2635.060059,0.0
2024-12-27,2634.94995,2638.36011,2611.81006,2620.72998,0.0
2024-12-28,2620.68994,2622.28003,2612.82007,2621.8999,0.0
2024-12-30,2621.61011,2628.11011,2596.19995,2607.17993,0.0
2024-12-31,2607.15991,2627.57007,2602.69995,2623.84009,0.0
2025-01-01,2623.66992,2625.030029,2622.15991,2624.56006,0.0
2025-01-02,2625.1499,2660.44995,2621.78003,2654.78003,0.0
2025-01-03,2654.93994,2665.34009,2639.17993,2639.68994,0.0
2025-01-04,2639.42993,2640.8501,2636.83008,2639.48999,0.0
2025-01-06,2639.91992,2649.46997,2614.88989,2634.47998,0.0
2025-01-07,2634.46997,2664.26001,2633.070068,2649.44995,0.0
2025-01-08,2649.43994,2669.95996,2645.3501,2658.3501,0.0
2025-01-09,2658.36011,2678.15991,2655.72998,2670.22998,0.0
2025-01-10,2670.3501,2697.8999,2664.13989,2685.93994,0.0
2025-01-11,2685.94995,2693.47998,2684.71997,2690.15991,0.0
2025-01-13,2689.93994,2693.32007,2656.90991,2658.97998,0.0
2025-01-14,2658.97998,2676.3501,2658.8501,2674.37988,0.0
2025-01-15,2674.34009,2696.060059,2669.42993,2693.93994,0.0
2025-01-16,2694.1001,2724.77002,2690.1001,2715.37988,0.0
2025-01-17,2715.40991,2717.44995,2702.88989,2703.27002,0.0
2025-01-18,2703.21997,2704.27002,2699.40991,2702.86011,0.0
2025-01-20,2703.15991,2713.98999,2689.44995,2708.31006,0.0
2025-01-21,2707.44995,2745.96997,2702.87012,2742.95996,0.0
2025-01-22,2742.80005,2763.37988,2740.15991,2755.42993,0.0
2025-01-23,2755.44995,2758.83008,2735.96997,2754.19995,0.0
2025-01-24,2754.12012,2786.050049,2751.47998,2774.68994,0.0
2025-01-25,2774.67993,2774.8501,2770.66992,2771.25,0.0
2025-01-27,2765.66992,2772.61011,2730.59009,2739.37988,0.0
2025-01-28,2739.43994,2765.02002,2734.8999,2764.87012,0.0
2025-01-29,2764.8501,2766.30005,2744.90991,2755.32007,0.0
2025-01-30,2755.20996,2798.47998,2752.75,2793.54004,0.0
2025-01-31,2793.3999,2817.12012,2789.55005,2796.33008,0.0
2025-02-01,2796.070068,2802.58008,2794.37012,2798.52002,0.0
2025-02-03,2802.30005,2830.6001,2772.37988,2818.37012,0.0
2025-02-04,2818.29004,2845.51001,2807.37012,2843.1001,0.0
2025-02-05,2843.1499,2882.3501,2839.87012,2863.66992,0.0
2025-02-06,2863.65991,2873.27002,2834.3501,2854.050049,0.0
2025-02-07,2854.0,2886.81006,2852.70996,2860.29004,0.0
2025-02-08,2860.12988,2863.88989,2859.47998,2860.87012,0.0
2025-02-10,2861.3999,2911.43994,2860.44995,2904.41992,0.0
2025-02-11,2904.44995,2942.68994,2881.8999,2900.29004,0.0
2025-02-12,2900.26001,2909.12988,2864.22998,2897.92993,0.0
2025-02-13,2897.95996,2927.47998,2895.62012,2926.96997,0.0
2025-02-14,2926.92993,2940.1001,2878.94995,2880.76001,0.0
2025-02-15,2880.67993,2886.25,2877.1499,2882.54004,0.0
2025-02-17,2893.67993,2906.41992,2878.90991,2898.3999,0.0
2025-02-18,2899.33008,2936.95996,2892.12988,2935.8501,0.0
2025-02-19,2935.8501,2947.050049,2918.8501,2931.84009,0.0
2025-02-20,2931.77002,2954.88989,2924.3999,2937.97998,0.0
2025-02-21,2938.02002,2949.87012,2916.87012,2933.52002,0.0
2025-02-22,2933.31006,2938.3501,2932.16992,2936.080078,0.0
2025-02-24,2939.67993,2956.26001,2921.5,2949.37988,0.0
2025-02-25,2949.21997,2953.69995,2888.6499,2912.18994,0.0
2025-02-26,2912.15991,2930.25,2890.8999,2913.97998,0.0
2025-02-27,2914.0,2920.8501,2868.090088,2879.27002,0.0
2025-02-28,2879.37012,2885.22998,2832.77002,2849.79004,0.0
2025-03-01,2849.51001,2859.36011,2847.77002,2857.44995,0.0
2025-03-03,2873.30005,2893.02002,2859.02002,2881.69995,0.0
2025-03-04,2881.63989,2927.84009,2878.47998,2916.21997,0.0
2025-03-05,2915.95996,2929.8501,2894.44995,2920.62988,0.0
2025-03-06,2920.62012,2926.59009,2891.43994,2914.080078,0.0
2025-03-07,2913.8501,2930.42993,2896.83008,2905.45996,0.0
2025-03-08,2905.3501,2912.82007,2904.88989,2909.43994,0.0
2025-03-10,2912.41992,2918.28003,2880.3999,2885.37012,0.0
2025-03-11,2885.18994,2922.26001,2880.43994,2918.48999,0.0
2025-03-12,2918.36011,2940.6001,2906.22998,2931.37988,0.0
2025-03-13,2931.34009,2985.43994,2930.94995,2982.97998,0.0
2025-03-14,2983.12988,3004.94995,2978.59009,2984.02002,0.0
2025-03-15,2984.01001,2988.87988,2981.93994,2985.040039,0.0
2025-03-17,2987.8501,3001.22998,2982.33008,3000.37012,0.0
2025-03-18,3000.3999,3038.33008,2999.6001,3035.52002,0.0
2025-03-19,3035.77002,3051.98999,3022.95996,3047.87988,0.0
2025-03-20,3047.82007,3057.36011,3025.76001,3044.82007,0.0
2025-03-21,3044.81006,3047.51001,2999.47998,3019.94995,0.0
2025-03-22,3020.040039,3024.1499,3020.030029,3023.8501,0.0
2025-03-24,3023.30005,3033.38989,3002.62012,3006.18994,0.0
2025-03-25,3006.19995,3036.050049,3005.73999,3019.63989,0.0
2025-03-26,3019.65991,3032.13989,3012.44995,3017.20996,0.0
2025-03-27,3017.31006,3059.58008,3017.23999,3057.58008,0.0
2025-03-28,3057.53003,3086.80005,3054.25,3080.96997,0.0
2025-03-29,3080.8501,3086.18994,3080.8501,3085.28003,0.0
2025-03-31,3093.0,3127.87988,3076.82007,3124.55005,0.0
2025-04-01,3124.3501,3149.030029,3100.90991,3118.69995,0.0
2025-04-02,3118.67993,3135.77002,3107.8999,3124.19995,0.0
2025-04-03,3124.41992,3167.70996,3054.31006,3107.63989,0.0
2025-04-04,3107.71997,3136.28003,3016.16992,3036.47998,0.0
2025-04-05,3036.31006,3041.070068,3033.8999,3038.17993,0.0
2025-04-07,3029.8999,3055.63989,2956.90991,2982.030029,0.0
2025-04-08,2982.71997,3022.67993,2975.060059,2982.15991,0.0
2025-04-09,2984.53003,3099.46997,2970.13989,3083.16992,0.0
2025-04-10,3081.51001,3176.41992,3071.62012,3175.47998,0.0
2025-04-11,3177.28003,3245.36011,3176.51001,3238.18994,0.0
2025-04-14,3222.11011,3245.76001,3213.87988,3222.050049,0.0
2025-04-17,3344.05,3345.29,3283.94,3326.19,0.0
2025-04-18,3326.27,3326.27,3326.27,3326.27,0.0
2025-04-19,3326.27,3326.27,3326.27,3326.27,0.0
2025-04-21,3327.93,3430.47,3327.93,3422.8,0.0
2025-04-22,3423.49,3499.87,3381.2,3394.4,0.0
2025-04-23,3392.6,3403.1,3281.5,3303.3,0.0
2025-04-24,3303.9,3388.5,3298.9,3354.9,0.0
2025-04-25,3354.8,3376.8,3270.6,3316.3,0.0
2025-04-26,3316.6,3319.6,3309.9,3314.0,0.0
2025-04-27,3315.1,3324.6,3315.1,3321.0,0.0
2025-04-28,3319.8,3352.91,3274.3,3344.1,0.0
2025-04-29,3344.0,3347.15,3304.6,3317.6,0.0
2025-04-30,3317.2,3325.7,3267.16,3292.0,0.0
2025-05-01,3292.2,3293.6,3201.9,3238.64,0.0
2025-05-02,3250.3,3269.02,3223.0,3254.9,0.0
2025-05-03,3255.4,3259.8,3244.3,3257.0,0.0
2025-05-04,3255.7,3255.9,3252.6,3252.7,0.0
2025-05-05,3252.8,3341.1,3236.68,3335.0,0.0
2025-05-06,3340.6,3440.0,3323.53,3434.7,0.0
2025-05-07,3435.0,3440.4,3360.23,3366.6,0.0
2025-05-08,3366.7,3414.52,3288.91,3309.4,0.0
2025-05-09,3309.6,3347.26,3275.0,3323.64,0.0
2025-05-10,3326.9,3332.7,3320.7,3322.0,0.0
2025-05-12,3290.0,3305.79,3207.7,3235.24,0.0
2025-05-13,3237.6,3265.33,3215.92,3248.5,0.0
2025-05-14,3247.8,3256.97,3167.95,3181.2,0.0
2025-05-15,3181.2,3245.2,3120.92,3244.5,0.0
2025-05-16,3245.0,3252.5,3154.27,3209.7,0.0
2025-05-17,3209.6,3211.5,3199.3,3207.2,0.0
2025-05-18,3209.2,3212.4,3206.7,3208.3,0.0
2025-05-19,3229.0,3249.65,3206.0,3229.15,0.0
2025-05-20,3232.0,3295.54,3204.53,3285.1,0.0
2025-05-21,3285.4,3324.65,3284.6,3315.56,0.0
2025-05-22,3314.4,3345.31,3279.27,3294.79,0.0
2025-05-23,3298.7,3366.0,3287.0,3355.9,0.0
2025-05-24,3356.8,3359.5,3350.1,3355.7,0.0
2025-05-25,3360.6,3364.5,3359.7,3359.7,0.0
2025-05-26,3354.88,3356.51,3324.0,3346.6,0.0
2025-05-27,3345.6,3353.6,3288.25,3299.7,0.0
2025-05-28,3300.0,3325.27,3277.0,3291.4,0.0
2025-05-29,3291.2,3328.34,3249.59,3317.95,0.0
2025-05-30,3317.11,3323.8,3277.61,3288.52,0.0
2025-05-31,3295.8,3301.1,3291.5,3291.8,0.0
2025-06-01,3297.1,3298.5,3295.5,3295.5,0.0
2025-06-02,3296.6,3382.66,3295.29,3381.02,0.0
2025-06-03,3381.01,3392.07,3333.38,3354.3,0.0
2025-06-04,3354.3,3384.66,3343.75,3372.34,0.0
2025-06-05,3376.5,3403.33,3339.5,3353.0,0.0
2025-06-06,3353.1,3375.45,3307.1,3310.1,0.0
2025-06-07,3318.1,3324.7,3315.2,3317.9,0.0
2025-06-08,3316.0,3321.6,3315.3,3319.1,0.0
2025-06-09,3315.0,3338.20996,3293.58,3327.6,0.0
2025-06-10,3327.2,3348.99,3302.09,3323.47,0.0
2025-06-11,3321.7,3360.6,3315.45,3352.3,0.0
2025-06-12,3352.3,3398.78,3338.68,3381.9,0.0
2025-06-13,3382.0,3446.58,3379.82,3432.19,0.0
2025-06-14,3436.2,3447.7,3430.0,3438.1,0.0
2025-06-15,3453.7,3458.1,3453.6,3457.7,0.0
2025-06-16,3446.0,3455.7,3383.0,3383.53,0.0
2025-06-17,3384.6,3403.21,3366.09,3387.3,0.0
2025-06-18,3388.7,3399.98,3362.68994,3372.1,0.0
2025-06-19,3371.9,3389.2,3347.72998,3381.2,0.0
2025-06-20,3381.3,3381.3,3340.32,3368.76,0.0
2025-06-21,3373.4,3381.9,3373.2,3380.3,0.0
2025-06-22,3409.5,3434.2,3406.3,3413.8,0.0
2025-06-23,3412.9,3419.5,3347.02,3369.1001,0.0
2025-06-24,3370.9,3383.3,3299.91992,3324.9,0.0
2025-06-25,3325.5,3337.3,3313.41992,3332.13989,0.0
2025-06-26,3331.1,3350.25,3310.0,3328.09,0.0
2025-06-27,3326.7,3329.0,3255.97998,3278.0,0.0
2025-06-28,3278.3,3284.3,3273.67,3284.3,0.0
2025-06-29,3273.8,3273.8,3271.9,3272.0,0.0
2025-06-30,3272.3,3309.21997,3248.98,3302.90991,0.0
2025-07-01,3305.4,3357.96997,3300.0,3336.4,0.0
2025-07-02,3336.1,3359.060059,3325.7,3352.0,0.0
2025-07-03,3352.0,3365.61,3311.66,3323.9,0.0
2025-07-04,3323.5,3344.98,3322.7,3336.8,0.0
2025-07-05,3335.24,3339.8,3331.3,3336.7,0.0
2025-07-06,3335.2,3339.5,3332.1,3334.6,0.0
2025-07-07,3334.01,3342.05,3296.5,3336.82,0.0
2025-07-08,3333.8,3345.7,3287.21,3301.03,0.0
2025-07-09,3299.1,3316.87012,3282.8999,3312.1,0.0
2025-07-10,3312.1,3330.21,3306.2,3323.67,0.0
2025-07-11,3318.9,3367.45996,3314.8,3349.9,0.0
2025-07-12,3349.8,3354.76,3343.6,3348.6,0.0
2025-07-13,3348.0,3350.9,3345.4,3349.4,0.0
2025-07-14,3356.92,3375.02002,3341.1499,3342.4,0.0
2025-07-15,3342.4,3366.24,3320.36011,3324.6,0.0
2025-07-16,3324.3,3377.18994,3319.92993,3344.7,0.0
2025-07-17,3344.7,3352.25,3309.98999,3337.6,0.0
2025-07-18,3303.71,3361.28003,3303.71,3347.9,0.0
2025-07-19,3347.6,3352.6,3341.9,3348.0,0.0
2025-07-20,3349.4,3352.8,3346.3,3347.3,0.0
2025-07-21,3345.0,3401.3999,3345.0,3397.33,0.0
2025-07-22,3397.33,3433.43994,3383.24,3427.09,0.0
2025-07-23,3427.08,3437.79004,3386.11,3389.03,0.0
2025-07-24,3389.03,3396.34,3359.33,3370.59,0.0
2025-07-25,3370.59,3373.55005,3326.32007,3347.17,0.0
2025-07-26,3347.16,3358.44,3345.6,3352.96,0.0
2025-07-28,3348.18,3351.53,3312.0,3322.01,0.0
2025-07-29,3322.01,3338.09,3318.39,3334.24,0.0
2025-07-30,3334.23,3340.28,3283.0,3291.98,0.0
2025-07-31,3292.2,3321.34,3288.88,3299.41,0.0
2025-08-01,3299.42,3362.0,3289.05,3361.89,0.0
2025-08-02,3361.89,3369.98,3355.58,3361.38,0.0
2025-08-04,3368.63,3384.39,3348.8,3378.96,0.0
2025-08-05,3378.97,3393.62,3353.8,3379.58,0.0
2025-08-06,3379.59,3385.25,3362.51,3371.53,0.0
2025-08-07,3371.54,3394.98,3368.36,3389.29,0.0
2025-08-08,3389.03,3397.81,3375.19,3387.21,0.0
2025-08-09,3387.21,3393.8,3375.0,3389.32,0.0
2025-08-11,3386.51,3391.7,3339.63,3344.13,0.0
2025-08-12,3344.14,3357.52,3332.0,3342.47,0.0
2025-08-13,3342.52,3358.6,3335.55,3350.8,0.0
2025-08-14,3350.8,3361.0,3324.39,3330.23,0.0
2025-08-15,3330.23,3341.09,3326.01,3329.36,0.0
2025-08-16,3329.35,3336.01,3327.21,3331.25,0.0
2025-08-18,3330.09,3380.0,3322.0,3331.75,0.0
2025-08-19,3331.76,3342.06,3308.01,3314.82,0.0
2025-08-20,3314.84,3339.91,3301.77,3339.88,0.0
2025-08-21,3339.88,3342.56,3318.25,3332.14,0.0
2025-08-22,3332.13,3363.43,3318.28,3363.42,0.0
2025-08-23,3363.43,3366.18,3345.51,3359.72,0.0
2025-08-25,3358.02,3366.68994,3349.12,3349.54,0.0
2025-08-26,3349.54,3379.98,3336.0,3379.95,0.0
2025-08-27,3379.9,3388.82,3365.0,3388.82,0.0
2025-08-28,3388.81,3423.25,3378.0,3419.78,0.0
2025-08-29,3419.77,3464.7,3407.8,3455.59,0.0
2025-08-30,3455.6,3466.73,3451.04,3463.81,0.0
2025-09-01,3467.33,3502.0,3451.13,3490.83,0.0
2025-09-02,3490.82,3556.69,3486.35,3550.4,0.0
2025-09-03,3550.4,3587.5,3542.4,3573.33,0.0
2025-09-04,3573.33,3578.25,3527.55,3553.16,0.0
2025-09-05,3553.16,3599.1,3548.64,3590.01,0.0
2025-09-06,3590.0,3611.68,3590.0,3606.64,0.0
2025-09-08,3609.59,3649.32,3588.12,3641.18,0.0
2025-09-09,3641.12,3681.7,3633.36,3638.7,0.0
2025-09-10,3638.48,3664.0,3630.0,3641.3,0.0
2025-09-11,3641.3,3646.92,3614.09,3634.06,0.0
2025-09-12,3634.01,3655.89,3630.53,3642.08,0.0
2025-09-13,3642.08,3646.34,3625.47,3632.77,0.0
2025-09-15,3652.38,3692.79,3635.07,3683.47,0.0
2025-09-16,3683.47,3712.69,3677.61,3696.78,0.0
2025-09-17,3696.78,3708.49,3657.59,3664.37,0.0
2025-09-18,3664.38,3674.27,3638.08,3647.61,0.0
2025-09-19,3647.62,3690.09,3641.01,3688.92,0.0
2025-09-20,3688.92,3693.04,3683.34,3691.44,0.0
2025-09-22,3689.63,3762.62,3686.83,3760.41,0.0
2025-09-23,3760.42,3800.0,3748.89,3777.03,0.0
2025-09-24,3777.11,3788.79,3720.78,3747.29,0.0
2025-09-25,3747.29,3773.55,3730.0,3757.69,0.0
2025-09-26,3757.68,3799.0,3742.04,3771.5,0.0
2025-09-27,3771.51,3784.69,3764.5,3783.35,0.0
2025-09-29,3770.0,3844.84,3768.57,3842.19,0.0
2025-09-30,3842.19,3880.69,3806.92,3869.18,0.0
2025-10-01,3869.18,3904.58,3863.63,3875.49,0.0
2025-10-02,3875.48,3899.0,3823.79,3861.5,0.0
2025-10-03,3861.5,3889.99,3843.79,3885.26,0.0
2025-10-04,3885.25,3900.72,3842.52,3893.47,0.0
2025-10-06,3891.88,3979.0,3890.53,3970.74,0.0
2025-10-07,3970.74,4000.0,3953.39,3994.92,0.0
2025-10-08,3994.92,4079.48,3992.98,4056.45,0.0
2025-10-09,4056.45,4072.0,3961.94,3989.18,0.0
2025-10-10,3989.19,4033.0,3957.29,4024.44,0.0
2025-10-11,4024.43,4030.95,3600.0,3997.52,0.0
2025-10-13,4002.99,4124.06,4002.63,4124.0,0.0
2025-10-14,4124.0,4200.0,4103.38,4155.65,0.0
2025-10-15,4155.53,4240.29,4151.67,4230.95,0.0
2025-10-16,4230.95,4336.65,4219.82,4333.33,0.0
2025-10-17,4333.07,4530.0,4192.55,4236.8,0.0
2025-10-18,4236.81,4273.28,4188.0,4237.99,0.0
2025-10-20,4231.0,4401.66,4214.16,4388.43,0.0
2025-10-21,4388.43,4390.74,4094.72,4114.57,0.0
2025-10-22,4114.09,4167.79,4020.0,4101.48,0.0
2025-10-23,4101.33,4157.46,4057.14,4117.0,0.0
2025-10-24,4117.36,4139.62,4045.25,4097.3,0.0
2025-10-25,4097.3,4127.13,4090.99,4111.21,0.0
2025-10-27,4098.77,4099.51,3951.0,3980.31,0.0
2025-10-28,3980.41,4013.17,3900.0,3967.98,0.0
2025-10-29,3967.97,4031.43,3930.08,3949.3,0.0
2025-10-30,3949.55,4023.0,3921.71,4020.42,0.0
2025-10-31,4020.71,4040.0,3971.81,3995.65,0.0
2025-11-01,3995.65,4009.88,3991.21,4001.4,0.0
2025-11-03,3997.44,4024.93,3962.2,3999.2,0.0
2025-11-04,3999.67,4009.04,3918.0,3930.56,0.0
2025-11-05,3930.56,3985.32,3920.0,3984.63,0.0
2025-11-06,3984.64,4020.0,3958.68,3981.31,0.0
2025-11-07,3981.31,4014.99,3972.1,4003.11,0.0
2025-11-08,4003.1,4003.1,3986.75,3992.44,0.0
2025-11-10,3997.16,4110.0,3994.22,4105.78,0.0
2025-11-11,4105.78,4146.07515,4096.85211,4123.19184,0.0
2025-11-12,4123.20807,4213.30684,4100.37736,4196.46651,0.0
2025-11-13,4196.38921,4244.30211,4141.94031,4164.62689,0.0
2025-11-14,4164.48871,4210.97208,4034.28982,4089.59042,0.0
2025-11-15,4089.52774,4092.08163,4075.2912,4080.42743,0.0
2025-11-16,4080.45349,4080.63709,4080.36819,4080.496,0.0
2025-11-17,4080.45515,4106.23731,4011.04777,4012.12221,0.0
2025-11-18,4012.09619,4081.09747,3999.63117,4081.01142,0.0
2025-11-19,4081.01883,4132.42981,4054.87269,4074.0584,0.0
2025-11-20,4074.14058,4110.93765,4040.886,4084.63177,0.0
2025-11-21,4084.50767,4099.55818,4025.66492,4087.44933,0.0
2025-11-22,4087.46663,4088.56214,4054.98727,4065.96908,0.0
2025-11-23,4065.8935,4066.14254,4065.81953,4065.93911,0.0
2025-11-24,4065.88586,4127.83474,4040.59968,4119.43498,0.0
2025-11-25,4119.40396,4159.14589,4110.34558,4133.2823,0.0
2025-11-26,4133.36559,4174.01012,4127.49532,4163.51163,0.0
2025-11-27,4163.49718,4168.69798,4143.6376,4157.99178,0.0
2025-11-28,4158.00496,4225.13635,4157.6383,4212.73023,0.0
2025-11-29,4212.63224,4231.26834,4171.98663,4216.44184,0.0
2025-11-30,4216.34576,4216.8431,4216.2683,4216.34338,0.0
2025-12-01,4216.34255,4265.37936,4202.4477,4234.38252,0.0
2025-12-02,4234.45988,4242.3133,4167.30243,4199.63913,0.0
2025-12-03,4199.64034,4243.15096,4195.0201,4208.56484,0.0
2025-12-04,4208.55717,4220.43,4176.80186,4208.77715,0.0
2025-12-05,4208.73724,4258.54495,4195.39646,4207.63103,0.0
2025-12-06,4207.84169,4207.84169,4192.07322,4197.40394,0.0
2025-12-07,4197.36867,4197.56019,4197.29437,4197.34601,0.0
2025-12-08,4197.37604,4218.46194,4175.24856,4186.46637,0.0
2025-12-09,4186.39665,4220.84751,4171.40677,4212.89339,0.0
2025-12-10,4212.73084,4219.56716,4182.65249,4215.85221,0.0
2025-12-11,4215.87471,4287.12029,4204.46736,4273.56204,0.0
2025-12-12,4273.60179,4352.66531,4259.01477,4296.83443,0.0
2025-12-13,4296.78407,4304.4202,4289.06841,4302.40463,0.0
2025-12-14,4302.42429,4302.61883,4302.36226,4302.5204,0.0
2025-12-15,4302.43395,4350.09414,4286.91234,4314.55996,0.0
2025-12-16,4314.60283,4334.17857,4268.69498,4310.06308,0.0
2025-12-17,4310.3026,4348.63257,4301.10812,4336.82339,0.0
2025-12-18,4336.87959,4376.2737,4308.87716,4325.06663,0.0
2025-12-19,4324.94935,4356.27683,4311.66104,4345.9183,0.0
2025-12-20,4345.83332,4346.01548,4336.79635,4338.63147,0.0
2025-12-21,4338.53784,4338.7268,4338.45602,4338.55589,0.0
2025-12-22,4338.52403,4443.81931,4338.17759,4433.70172,0.0
2025-12-23,4433.51735,4498.40302,4431.79418,4491.60078,0.0
2025-12-24,4491.63223,4525.85005,4451.05034,4479.69441,0.0
2025-12-25,4479.62632,4480.72434,4479.00292,4479.69741,0.0
2025-12-26,4479.62443,4550.78973,4476.55334,4523.58231,0.0
2025-12-27,4523.48301,4534.74851,4522.15204,4532.69019,0.0
2025-12-28,4532.61899,4532.8813,4531.44651,4532.58587,0.0
2025-12-29,4532.61769,4547.90835,4307.57154,4337.36579,0.0
2025-12-30,4337.39758,4405.82213,4325.67935,4346.71282,0.0
2025-12-31,4346.83879,4372.76325,4279.06735,4311.26879,0.0
2026-01-01,4311.23326,4326.44321,4304.69385,4315.16528,0.0
2026-01-02,4315.0866,4402.87822,4310.36817,4319.3054,0.0
2026-01-03,4319.10312,4334.91082,4315.21198,4330.47347,0.0
2026-01-04,4330.49282,4331.70186,4330.26423,4330.51407,0.0
2026-01-05,4330.49629,4454.41557,4329.27104,4440.26689,0.0
2026-01-06,4440.19627,4493.57837,4429.30632,4481.54678,0.0
2026-01-07,4481.4641,4500.4487,4425.27169,4457.24727,0.0
2026-01-08,4457.36735,4466.13399,4407.90536,4451.55911,0.0
2026-01-09,4451.60002,4515.83105,4451.56766,4499.75264,0.0
2026-01-10,4499.90988,4511.053,4497.61855,4509.84807,0.0
2026-01-11,4509.81471,4510.04601,4509.71232,4509.83173,0.0
2026-01-12,4509.80434,4631.59455,4509.22139,4611.33102,0.0
2026-01-13,4611.36907,4632.91936,4574.39161,4597.7796,0.0
2026-01-14,4597.55208,4641.32613,4571.4012,4639.42556,0.0
2026-01-15,4639.51866,4641.81025,4581.64955,4615.51073,0.0
2026-01-16,4615.42757,4620.35762,4533.25987,4590.58565,0.0
2026-01-17,4590.53336,4597.8108,4579.84926,4595.30975,0.0
2026-01-18,4595.27991,4595.67224,4595.07714,4595.28796,0.0
2026-01-19,4595.25035,4686.1434,4588.36075,4670.82045,0.0
2026-01-20,4670.79201,4767.45217,4660.31632,4760.79846,0.0
2026-01-21,4760.69265,4885.77139,4747.79286,4780.28158,0.0
2026-01-22,4780.26923,4923.18891,4775.0818,4911.86931,0.0
2026-01-23,4911.87195,4990.21326,4902.18615,4984.67331,0.0
2026-01-24,4984.87402,4986.59233,4972.26855,4982.4814,0.0
2026-01-25,4982.42698,4984.37168,4981.87684,4982.45467,0.0
2026-01-26,4982.40644,5108.49956,4979.13611,5029.16284,0.0
2026-01-27,5029.23113,5102.59816,4999.05307,5099.19537,0.0
2026-01-28,5099.1982,5329.23026,5098.86184,5327.17903,0.0
2026-01-29,5326.98804,5597.22988,5122.5375,5310.53137,0.0
2026-01-30,5308.49315,5451.71009,4706.06585,4940.66781,0.0
2026-01-31,4943.36462,4943.36462,4829.73898,4865.45982,0.0
2026-02-01,4865.35613,4865.59398,4865.28403,4865.45954,0.0
2026-02-02,4865.35405,4879.10052,4410.8453,4687.13788,0.0
2026-02-03,4685.64115,4993.13125,4647.23171,4926.47711,0.0
2026-02-04,4926.18518,5090.97076,4863.23494,4941.50845,0.0
2026-02-05,4941.44978,5024.78529,4798.77728,4831.82164,0.0
2026-02-06,4830.27158,4972.30477,4654.91557,4957.75097,0.0
2026-02-07,4957.64609,4964.08055,4938.91135,4959.11017,0.0
2026-02-08,4959.01867,5028.17538,4958.9515,5011.35623,0.0
2026-02-09,5010.62241,5093.76098,4971.92857,5074.62168,0.0
2026-02-10,5074.60676,5084.15262,5002.86032,5028.8494,0.0
2026-02-11,5028.88591,5115.80964,5021.08147,5080.6557,0.0
2026-02-12,5080.93854,5101.36263,4891.22479,4945.1794,0.0
2026-02-13,4944.9452,5045.31285,4892.56375,5029.89519,0.0
2026-02-14,5029.60512,5044.24291,5023.95409,5043.16482,0.0
2026-02-15,5043.09069,5043.34381,5043.00674,5043.2085,0.0
2026-02-16,5043.13127,5044.13251,4968.76904,4992.462,0.0
2026-02-17,4992.35719,4999.41567,4853.25576,4881.25215,0.0
2026-02-18,4881.2785,5008.54216,4856.71848,4980.67537,0.0
2026-02-19,4980.59213,5022.36806,4960.9654,4987.51618,0.0
2026-02-20,4987.7054,5079.5811,4980.29089,5079.40187,0.0
2026-02-21,5079.37865,5105.22068,5076.80371,5098.61379,0.0
2026-02-22,5098.51348,5098.73552,5098.43388,5098.59632,0.0
2026-02-23,5098.50048,5219.46186,5098.189,5215.65797,0.0
2026-02-24,5215.69065,5250.6274,5100.79752,5154.62888,0.0
2026-02-25,5154.62929,5218.1188,5123.07465,5205.26524,0.0
2026-02-26,5205.15431,5205.65282,5127.32727,5187.84755,0.0
2026-02-27,5187.77974,5256.86705,5166.01681,5251.01854,0.0
2026-02-28,5250.99881,5280.2302,5249.91264,5277.88359,0.0
2026-03-01,5277.89433,5278.12724,5277.68405,5277.8835,0.0
2026-03-02,5277.88876,5417.76449,5267.50196,5330.94854,0.0
2026-03-03,5330.72524,5378.90889,4986.15049,5113.42789,0.0
2026-03-04,5113.69812,5203.82419,5083.87185,5136.55908,0.0
2026-03-05,5136.26707,5194.57816,5054.59315,5065.44602,0.0
2026-03-06,5065.45447,5174.13733,5054.73982,5161.43884,0.0
2026-03-07,5161.28762,5173.49951,5151.19721,5171.10452,0.0
2026-03-08,5171.07466,5171.29987,5167.45393,5171.09086,0.0
2026-03-09,5171.05327,5204.69053,5014.43471,5142.17754,0.0
2026-03-10,5141.93524,5237.80436,5122.45155,5197.99865,0.0
2026-03-11,5198.01685,5223.2619,5158.04347,5183.31222,0.0
2026-03-12,5183.22388,5191.16983,5081.35272,5083.42129,0.0
2026-03-13,5083.57604,5127.98504,5003.47363,5020.31894,0.0
2026-03-14,5022.68373,5028.6784,5010.37858,5019.79237,0.0
2026-03-15,5019.68973,5032.13817,5018.9006,5019.79532,0.0
2026-03-16,5019.68973,5036.81037,4966.61001,5012.64443,0.0
2026-03-17,5012.46151,5042.92294,4978.14194,4998.9783,0.0
2026-03-18,4998.63708,5016.82098,4837.58291,4841.92773,0.0
2026-03-19,4842.10656,4868.11576,4514.89843,4637.62973,0.0
2026-03-20,4637.58944,4736.02113,4475.36646,4500.6531,0.0
2026-03-21,4500.48478,4513.49018,4490.7061,4497.5218,0.0
2026-03-22,4497.44028,4497.6526,4497.37925,4497.51799,0.0
2026-03-23,4497.4395,4532.22948,4104.81533,4400.00688,0.0
2026-03-24,4399.37578,4448.78875,4310.39454,4399.4287,0.0
2026-03-25,4399.59355,4602.63009,4396.84803,4531.47513,0.0
2026-03-26,4531.38161,4546.06827,4358.34529,4362.63551,0.0
2026-03-27,4362.52539,4550.97345,4352.84304,4514.84071,0.0
2026-03-28,4514.75649,4514.81293,4492.13517,4507.6873,0.0
2026-03-29,4507.7127,4507.90906,4507.63074,4507.67826,0.0
2026-03-30,4507.70172,4579.18712,4420.32741,4513.40774,0.0
2026-03-31,4513.5833,4684.74132,4486.81893,4683.73771,0.0
2026-04-01,4683.78257,4792.52135,4657.92829,4768.03194,0.0
2026-04-02,4767.94778,4798.53894,4555.06888,4675.33535,0.0
2026-04-03,4675.27835,4677.0164,4665.06785,4676.48581,0.0
2026-04-04,4676.42625,4676.82173,4676.01177,4676.50865,0.0
2026-04-05,4676.42856,4676.63225,4676.34757,4676.50455,0.0
2026-04-06,4676.41981,4705.73244,4598.01008,4649.76527,0.0
2026-04-07,4649.66027,4719.86105,4604.80231,4706.39311,0.0
2026-04-08,4706.29881,4855.11363,4700.18732,4719.47769,0.0
2026-04-09,4719.63631,4800.71915,4696.30581,4766.56409,0.0
2026-04-10,4766.49515,4795.33901,4732.48466,4749.58009,0.0
2026-04-11,4749.54972,4750.78067,4749.02268,4750.52873,0.0
2026-04-12,4750.45842,4756.1901,4749.83663,4750.50252,0.0
2026-04-13,4750.43695,4752.99783,4643.55787,4740.74803,0.0
2026-04-14,4740.96568,4847.07437,4740.70858,4841.71465,0.0
2026-04-15,4841.67865,4869.57853,4788.47055,4790.98573,0.0
2026-04-16,4790.93335,4838.06143,4779.94195,4789.6854,0.0
2026-04-17,4789.63688,4887.92586,4769.05475,4830.60557,0.0
2026-04-18,4830.44896,4834.37679,4830.44896,4834.10038,0.0
2026-04-19,4833.99342,4837.40174,4831.71107,4834.1014,0.0
2026-04-20,4833.99308,4834.32342,4740.74681,4820.47575,0.0
2026-04-21,4820.36913,4832.94507,4668.28518,4719.56596,0.0
2026-04-22,4719.54891,4771.44226,4712.05724,4739.78055,0.0
2026-04-23,4739.70626,4752.77812,4668.50627,4693.67161,0.0
2026-04-24,4693.68565,4742.65975,4658.8598,4709.65804,0.0
2026-04-25,4709.55559,4709.77324,4708.4264,4708.59504,0.0
2026-04-26,4708.4903,4709.14952,4704.90079,4707.28437,0.0
2026-04-27,4707.09393,4728.46794,4667.93945,4681.67029,0.0
2026-04-28,4681.63065,4701.06814,4555.69938,4596.47098,0.0
2026-04-29,4596.3843,4609.97231,4511.1187,4543.91802,0.0
2026-04-30,4543.88834,4646.87963,4539.67141,4621.32118,0.0
2026-05-01,4622.38066,4659.80668,4561.34636,4614.83277,0.0
2026-05-02,4613.88092,4615.73967,4612.39694,4613.27308,0.0
2026-05-03,4613.25045,4613.78995,4612.97032,4613.28448,0.0
2026-05-04,4613.24465,4629.39094,4503.72464,4523.59841,0.0
2026-05-05,4523.13191,4587.17375,4514.11976,4556.92512,0.0
2026-05-06,4556.73388,4722.77486,4542.23432,4690.91268,0.0
2026-05-07,4690.82727,4765.85857,4685.08702,4689.4371,0.0
2026-05-08,4688.10345,4746.76034,4671.02499,4716.2703,0.0
2026-05-09,4716.00307,4716.00307,4714.44984,4715.4877,0.0
2026-05-10,4715.38191,4715.59632,4714.97949,4715.48243,0.0
2026-05-11,4715.37746,4746.76034,4649.21661,4735.46064,0.0
2026-05-12,4735.04061,4773.4977,4641.66357,4715.30897,0.0
2026-05-13,4715.18842,4726.43751,4669.46693,4688.61014,0.0
2026-05-14,4688.76102,4717.47809,4645.0047,4651.91243,0.0
2026-05-15,4651.6473,4664.83183,4512.32918,4540.14677,0.0
2026-05-16,4539.89139,4540.29512,4537.58499,4537.72547,0.0
2026-05-17,4537.74039,4537.96399,4537.41095,4537.71527,0.0
2026-05-18,4537.73389,4584.42213,4476.89916,4566.17371,0.0
2026-05-19,4565.99461,4593.46333,4466.8781,4481.85399,0.0
2026-05-20,4482.10568,4550.8328,4454.14458,4544.05897,0.0
2026-05-21,4543.91433,4571.01065,4490.74906,4543.10657,0.0
2026-05-22,4542.91896,4546.52149,4491.97264,4508.84161,0.0
2026-05-23,4508.183,4509.37951,4504.3859,4505.65833,0.0
2026-05-24,4505.68572,4506.12833,4505.60175,4505.64909,0.0
2026-05-25,4505.67354,4579.56673,4503.98456,4571.23972,0.0
2026-05-26,4571.17382,4580.93828,4482.69679,4507.58338,0.0
2026-05-27,4507.27263,4527.94941,4402.37728,4456.29881,0.0
2026-05-28,4456.18342,4516.50784,4367.19364,4496.36988,0.0
2026-05-29,4496.26762,4594.65168,4489.49398,4540.15778,0.0
2026-05-30,4540.56315,4542.85519,4538.64658,4542.52645,0.0
2026-05-31,4542.4689,4542.84688,4542.32919,4542.5767,0.0
2026-06-01,4542.51773,4547.2852,4447.44688,4484.65892,0.0
2026-06-02,4483.98323,4540.08899,4464.08642,4488.67153,0.0
2026-06-03,4488.40791,4496.20071,4429.09026,4434.46857,0.0
2026-06-04,4434.26768,4515.79837,4424.58298,4475.96582,0.0
2026-06-05,4475.678,4481.29061,4312.20354,4328.95948,0.0
2026-06-06,4328.79582,4330.46662,4328.01662,4330.15149,0.0
2026-06-07,4330.10279,4331.8172,4329.00433,4330.1492,0.0
2026-06-08,4330.10644,4352.93606,4268.19299,4330.19194,0.0
2026-06-09,4330.08007,4359.95814,4236.57007,4260.08482,0.0
2026-06-10,4260.09729,4266.04904,4067.52085,4071.58097,0.0
2026-06-11,4071.20709,4217.98549,4023.49722,4211.07514,0.0
2026-06-12,4211.30068,4245.20292,4168.76731,4217.96336,0.0
2026-06-13,4218.56207,4221.12451,4215.14079,4215.38604,0.0
2026-06-14,4215.29537,4215.48468,4215.21553,4215.36946,0.0
2026-06-15,4215.28083,4367.57512,4213.19131,4309.42435,0.0
2026-06-16,4309.05706,4355.91345,4306.21952,4331.36946,0.0
2026-06-17,4331.25761,4383.61801,4220.01613,4258.07298,0.0
2026-06-18,4257.66935,4329.94155,4202.11632,4209.12291,0.0
2026-06-19,4208.51583,4211.05824,4122.52133,4156.6112,0.0
2026-06-20,4156.46111,4156.7484,4156.27598,4156.51085,0.0
2026-06-21,4156.54202,4157.44038,4155.23976,4156.5162,0.0
2026-06-22,4156.54721,4216.38487,4135.46633,4191.78368,0.0
2026-06-23,4192.03092,4195.86288,4092.15534,4110.44546,0.0
2026-06-24,4109.93157,4114.71835,3961.49428,4001.11524,0.0
2026-06-25,4000.57448,4044.57442,3964.41385,4026.44634,0.0
2026-06-26,4026.49141,4095.31638,3984.06375,4088.92554,0.0
2026-06-27,4088.78641,4091.22487,4080.75528,4080.81341,0.0
2026-06-28,4080.82149,4081.13292,4080.63331,4080.80878,0.0
2026-06-29,4080.82962,4092.0206,4002.40144,4016.52691,0.0
2026-06-30,4016.3401,4063.05867,3949.44708,4007.70422,0.0
2026-07-01,4007.52576,4115.77285,3959.59368,4031.56804,0.0
2026-07-02,4031.38647,4142.39852,4028.94876,4123.87904,0.0
2026-07-03,4123.72424,4195.33479,4120.90817,4174.93638,0.0
2026-07-04,4174.90346,4175.10346,4174.84061,4174.94111,0.0
2026-07-05,4174.90689,4175.1096,4167.47444,4175.01112,0.0
2026-07-06,4174.96346,4202.03378,4129.33064,4165.12051,0.0
2026-07-07,4164.60827,4179.37894,4093.9768,4106.14352,0.0
2026-07-08,4106.19217,4134.11055,4022.20256,4077.27796,0.0
2026-07-09,4077.44095,4137.70275,4054.06488,4123.6425,0.0
2026-07-10,4123.75241,4133.93964,4076.64085,4119.32483,0.0
2026-07-11,4119.46069,4120.42164,4107.55154,4111.53243,0.0
2026-07-12,4111.44313,4111.74068,4111.36101,4111.53882,0.0
2026-07-13,4111.4482,4112.96916,3986.60501,4001.23284,0.0
2026-07-14,4001.38582,4099.20066,3985.81051,4052.83213,0.0
2026-07-15,4052.82,4080.34808,4016.65246,4060.42611,0.0
2026-07-16,4060.34917,4068.67931,3968.99714,3976.78276,0.0
2026-07-17,3976.51091,4022.84979,3961.80817,4016.97584,0.0
2026-07-18,4016.96818,4018.00997,4010.40238,4010.60888,0.0
2026-07-19,4010.53005,4010.77281,4009.94466,4010.6058,0.0
2026-07-20,4010.53029,4039.42479,3983.42894,4008.3034,0.0
2026-07-21,4008.18295,4086.91226,3999.73871,4077.82773,0.0
2026-07-22,4077.84891,4165.68194,4075.31176,4130.28998,0.0
2026-07-23,4130.23041,4141.06315,4040.2681,4049.51576,0.0
2026-07-24,4049.28375,4080.69327,4022.09051,4053.47211,0.0
2026-07-25,4053.37645,4056.11207,4053.34198,4056.01128,0.0
2026-07-26,4055.92142,4057.61818,4055.08427,4056.01212,0.0
2026-07-27,4055.9211,4116.42784,4012.26194,4076.96247,0.0
2026-07-28,4076.90987,4081.46606,4012.44894,4028.58082,0.0
2026-07-29,4028.68301,4114.04122,3996.32338,4066.93415,0.0
2026-07-30,4066.17292,4119.46447,4029.1712,4103.49754,0.0
2026-07-31,4103.37557,4112.01118,4021.07041,4045.25141,0.0
2026-08-01,4044.91865,4044.91865,4042.03719,4042.74098,0.0
2026-08-02,4042.67937,4043.50815,4042.20057,4042.7451,0.0
2026-08-03,4042.68784,4088.47459,4022.04078,4055.3131,0.0
2026-08-04,4055.25693,4069.34158,4042.61423,4064.22316,0.0
