timestamp,candidate_id,asset,symbol,strategy_version,candle_close_time,candle_time,open,high,low,close,rsi,ma20,bb_lower,ma200,atr,passed,rejection_reasons
2026-07-16T20:39:17.276811+00:00,NEW_BTC_12H_MR,BTC,BTCUSDT,strategy-lab-v1.0.0:NEW_BTC_12H_MR,1784016000000,2026-07-14T08:00:00+00:00,62467.63,62721.92,62400.35,62631.31,68.14461736965289,62341.7165,61797.570087265965,63268.3617,291.41071428571377,False,RSI_NOT_BELOW_40|CLOSE_NOT_NEAR_OR_BELOW_LOWER_BB|CLOSE_NOT_ABOVE_MA200|TARGET_NOT_ABOVE_ENTRY
2026-07-16T20:39:17.276811+00:00,NEW_BTC_12H_MR,BTC,BTCUSDT,strategy-lab-v1.0.0:NEW_BTC_12H_MR,1784019600000,2026-07-14T09:00:00+00:00,62631.32,62663.04,62456.96,62554.05,60.142128021549745,62357.0465,61807.14182523235,63263.578799999996,283.44571428571413,False,RSI_NOT_BELOW_40|CLOSE_NOT_NEAR_OR_BELOW_LOWER_BB|CLOSE_NOT_ABOVE_MA200|TARGET_NOT_ABOVE_ENTRY
2026-07-16T20:39:17.276811+00:00,NEW_BTC_12H_MR,BTC,BTCUSDT,strategy-lab-v1.0.0:NEW_BTC_12H_MR,1784023200000,2026-07-14T10:00:00+00:00,62554.06,62832.32,62535.03,62725.61,66.28685094693915,62357.5175,61806.36846030628,63260.265250000004,284.3149999999997,False,RSI_NOT_BELOW_40|CLOSE_NOT_NEAR_OR_BELOW_LOWER_BB|CLOSE_NOT_ABOVE_MA200|TARGET_NOT_ABOVE_ENTRY
2026-07-16T20:39:17.276811+00:00,NEW_BTC_12H_MR,BTC,BTCUSDT,strategy-lab-v1.0.0:NEW_BTC_12H_MR,1784026800000,2026-07-14T11:00:00+00:00,62725.6,62849.99,62641.98,62769.76,72.75868779374574,62368.9745,61794.062608298926,63257.95235000001,275.95214285714195,False,RSI_NOT_BELOW_40|CLOSE_NOT_NEAR_OR_BELOW_LOWER_BB|CLOSE_NOT_ABOVE_MA200|TARGET_NOT_ABOVE_ENTRY
2026-07-16T20:39:17.276811+00:00,NEW_BTC_12H_MR,BTC,BTCUSDT,strategy-lab-v1.0.0:NEW_BTC_12H_MR,1784030400000,2026-07-14T12:00:00+00:00,62769.77,63919.0,62710.88,63897.15,88.56220181834557,62453.61499999999,61579.823952723666,63261.404350000004,337.773571428571,False,RSI_NOT_BELOW_40|CLOSE_NOT_NEAR_OR_BELOW_LOWER_BB|TARGET_NOT_ABOVE_ENTRY
2026-07-16T20:39:17.276811+00:00,NEW_BTC_12H_MR,BTC,BTCUSDT,strategy-lab-v1.0.0:NEW_BTC_12H_MR,1784034000000,2026-07-14T13:00:00+00:00,63901.84,64110.59,63627.79,63780.0,82.10879682612347,62551.11499999999,61551.331976389265,63265.06215,338.50714285714224,False,RSI_NOT_BELOW_40|CLOSE_NOT_NEAR_OR_BELOW_LOWER_BB|TARGET_NOT_ABOVE_ENTRY
2026-07-16T20:39:17.276811+00:00,NEW_BTC_12H_MR,BTC,BTCUSDT,strategy-lab-v1.0.0:NEW_BTC_12H_MR,1784037600000,2026-07-14T14:00:00+00:00,63780.01,64300.0,63517.0,64238.0,83.77287405812706,62665.48099999999,61463.707506667684,63271.6623,365.6992857142853,False,RSI_NOT_BELOW_40|CLOSE_NOT_NEAR_OR_BELOW_LOWER_BB|TARGET_NOT_ABOVE_ENTRY
2026-07-16T20:39:17.276811+00:00,NEW_BTC_12H_MR,BTC,BTCUSDT,strategy-lab-v1.0.0:NEW_BTC_12H_MR,1784041200000,2026-07-14T15:00:00+00:00,64237.86,64918.0,64143.83,64703.12,86.84465493288505,62790.103500000005,61316.61770469315,63280.056549999994,407.5757142857136,False,RSI_NOT_BELOW_40|CLOSE_NOT_NEAR_OR_BELOW_LOWER_BB|TARGET_NOT_ABOVE_ENTRY
2026-07-16T20:39:17.276811+00:00,NEW_BTC_12H_MR,BTC,BTCUSDT,strategy-lab-v1.0.0:NEW_BTC_12H_MR,1784044800000,2026-07-14T16:00:00+00:00,64703.12,64859.83,64568.9,64693.5,86.49726106765692,62917.728500000005,61260.52470958345,63289.3571,404.96642857142797,False,RSI_NOT_BELOW_40|CLOSE_NOT_NEAR_OR_BELOW_LOWER_BB|TARGET_NOT_ABOVE_ENTRY
2026-07-16T20:39:17.276811+00:00,NEW_BTC_12H_MR,BTC,BTCUSDT,strategy-lab-v1.0.0:NEW_BTC_12H_MR,1784048400000,2026-07-14T17:00:00+00:00,64693.5,64693.5,64249.47,64586.36,83.42475760818722,63047.15199999999,61295.87581478421,63299.3006,414.59928571428514,False,RSI_NOT_BELOW_40|CLOSE_NOT_NEAR_OR_BELOW_LOWER_BB|TARGET_NOT_ABOVE_ENTRY
2026-07-16T20:39:17.276811+00:00,NEW_BTC_12H_MR,BTC,BTCUSDT,strategy-lab-v1.0.0:NEW_BTC_12H_MR,1784052000000,2026-07-14T18:00:00+00:00,64586.36,64618.02,64432.01,64533.4,80.99214047157177,63181.777500000004,61408.29358496868,63308.18619999999,411.1999999999992,False,RSI_NOT_BELOW_40|CLOSE_NOT_NEAR_OR_BELOW_LOWER_BB|TARGET_NOT_ABOVE_ENTRY
2026-07-16T20:39:17.276811+00:00,NEW_BTC_12H_MR,BTC,BTCUSDT,strategy-lab-v1.0.0:NEW_BTC_12H_MR,1784055600000,2026-07-14T19:00:00+00:00,64533.4,64674.06,64441.75,64542.41,81.58423790329347,63295.651,61480.293608025684,63318.789,414.53571428571325,False,RSI_NOT_BELOW_40|CLOSE_NOT_NEAR_OR_BELOW_LOWER_BB|TARGET_NOT_ABOVE_ENTRY
2026-07-16T20:39:17.276811+00:00,NEW_BTC_12H_MR,BTC,BTCUSDT,strategy-lab-v1.0.0:NEW_BTC_12H_MR,1784059200000,2026-07-14T20:00:00+00:00,64546.35,64561.59,64373.09,64521.45,84.02159346546188,63397.6735,61547.8968956797,63332.9562,412.1892857142848,False,RSI_NOT_BELOW_40|CLOSE_NOT_NEAR_OR_BELOW_LOWER_BB|TARGET_NOT_ABOVE_ENTRY
2026-07-16T20:39:17.276811+00:00,NEW_BTC_12H_MR,BTC,BTCUSDT,strategy-lab-v1.0.0:NEW_BTC_12H_MR,1784062800000,2026-07-14T21:00:00+00:00,64521.45,64845.27,64480.96,64634.83,86.89006226616135,63506.442500000005,61634.43574831489,63347.59025,427.65214285714165,False,RSI_NOT_BELOW_40|CLOSE_NOT_NEAR_OR_BELOW_LOWER_BB|TARGET_NOT_ABOVE_ENTRY
2026-07-16T20:39:17.276811+00:00,NEW_BTC_12H_MR,BTC,BTCUSDT,strategy-lab-v1.0.0:NEW_BTC_12H_MR,1784066400000,2026-07-14T22:00:00+00:00,64634.84,65055.04,64473.6,64815.84,86.96691045821746,63623.4265,61731.264717812606,63361.6932,446.2142857142847,False,RSI_NOT_BELOW_40|CLOSE_NOT_NEAR_OR_BELOW_LOWER_BB|TARGET_NOT_ABOVE_ENTRY
2026-07-16T20:39:17.276811+00:00,NEW_BTC_12H_MR,BTC,BTCUSDT,strategy-lab-v1.0.0:NEW_BTC_12H_MR,1784070000000,2026-07-14T23:00:00+00:00,64815.84,65001.49,64729.11,64988.64,89.90804032456332,63747.858499999995,61840.32420688479,63369.1291,450.9499999999986,False,RSI_NOT_BELOW_40|CLOSE_NOT_NEAR_OR_BELOW_LOWER_BB|TARGET_NOT_ABOVE_ENTRY
2026-07-16T20:39:17.276811+00:00,NEW_BTC_12H_MR,BTC,BTCUSDT,strategy-lab-v1.0.0:NEW_BTC_12H_MR,1784073600000,2026-07-15T00:00:00+00:00,64988.65,65018.79,64714.47,64775.98,83.16301939282181,63852.96949999999,61962.159346563516,63374.55285,451.45214285714144,False,RSI_NOT_BELOW_40|CLOSE_NOT_NEAR_OR_BELOW_LOWER_BB|TARGET_NOT_ABOVE_ENTRY
2026-07-16T20:39:17.276811+00:00,NEW_BTC_12H_MR,BTC,BTCUSDT,strategy-lab-v1.0.0:NEW_BTC_12H_MR,1784077200000,2026-07-15T01:00:00+00:00,64774.0,64807.28,64590.12,64625.94,79.02784901977945,63951.565500000004,62116.27831551404,63380.00145,452.10571428571296,False,RSI_NOT_BELOW_40|CLOSE_NOT_NEAR_OR_BELOW_LOWER_BB|TARGET_NOT_ABOVE_ENTRY
2026-07-16T20:39:17.276811+00:00,NEW_BTC_12H_MR,BTC,BTCUSDT,strategy-lab-v1.0.0:NEW_BTC_12H_MR,1784080800000,2026-07-15T02:00:00+00:00,64624.48,64710.28,64431.11,64440.87,62.05630354957156,64046.292,62318.478743914915,63383.95585,385.7521428571412,False,RSI_NOT_BELOW_40|CLOSE_NOT_NEAR_OR_BELOW_LOWER_BB|TARGET_NOT_ABOVE_ENTRY
2026-07-16T20:39:17.276811+00:00,NEW_BTC_12H_MR,BTC,BTCUSDT,strategy-lab-v1.0.0:NEW_BTC_12H_MR,1784084400000,2026-07-15T03:00:00+00:00,64440.87,64803.18,64440.51,64736.67,69.65569102183203,64159.74449999999,62568.91576354271,63389.1757,377.1714285714271,False,RSI_NOT_BELOW_40|CLOSE_NOT_NEAR_OR_BELOW_LOWER_BB|TARGET_NOT_ABOVE_ENTRY
2026-07-16T20:39:17.276811+00:00,NEW_BTC_12H_MR,BTC,BTCUSDT,strategy-lab-v1.0.0:NEW_BTC_12H_MR,1784088000000,2026-07-15T04:00:00+00:00,64736.67,64833.6,64664.96,64698.07,61.4208333953936,64263.0825,62821.29279120255,63393.74305,333.2885714285699,False,RSI_NOT_BELOW_40|CLOSE_NOT_NEAR_OR_BELOW_LOWER_BB|TARGET_NOT_ABOVE_ENTRY
2026-07-16T20:39:17.276811+00:00,NEW_BTC_12H_MR,BTC,BTCUSDT,strategy-lab-v1.0.0:NEW_BTC_12H_MR,1784091600000,2026-07-15T05:00:00+00:00,64698.08,64918.0,64551.63,64896.0,55.520383747953524,64380.18000000001,63147.35042478729,63396.0067,304.15999999999883,False,RSI_NOT_BELOW_40|CLOSE_NOT_NEAR_OR_BELOW_LOWER_BB|TARGET_NOT_ABOVE_ENTRY
2026-07-16T20:39:17.276811+00:00,NEW_BTC_12H_MR,BTC,BTCUSDT,strategy-lab-v1.0.0:NEW_BTC_12H_MR,1784095200000,2026-07-15T06:00:00+00:00,64895.99,65235.25,64767.84,64768.0,51.99693356778317,64482.2995,63502.138448999656,63398.82965,316.76571428571333,False,RSI_NOT_BELOW_40|CLOSE_NOT_NEAR_OR_BELOW_LOWER_BB|TARGET_NOT_ABOVE_ENTRY
2026-07-16T20:39:17.276811+00:00,NEW_BTC_12H_MR,BTC,BTCUSDT,strategy-lab-v1.0.0:NEW_BTC_12H_MR,1784098800000,2026-07-15T07:00:00+00:00,64768.01,64836.23,64435.2,64501.79,47.911263911323196,64568.901,63982.186354882746,63401.329399999995,313.6942857142853,False,RSI_NOT_BELOW_40|CLOSE_NOT_NEAR_OR_BELOW_LOWER_BB
2026-07-16T20:39:17.276811+00:00,NEW_BTC_12H_MR,BTC,BTCUSDT,strategy-lab-v1.0.0:NEW_BTC_12H_MR,1784102400000,2026-07-15T08:00:00+00:00,64501.8,64741.98,64501.79,64719.93,54.25943432848769,64610.04,64108.266668625125,63404.16010000001,317.5642857142858,False,RSI_NOT_BELOW_40|CLOSE_NOT_NEAR_OR_BELOW_LOWER_BB|TARGET_NOT_ABOVE_ENTRY
2026-07-16T20:39:17.276811+00:00,NEW_BTC_12H_MR,BTC,BTCUSDT,strategy-lab-v1.0.0:NEW_BTC_12H_MR,1784106000000,2026-07-15T09:00:00+00:00,64719.93,64870.76,64600.0,64615.58,51.60112912755199,64651.819,64324.69915236764,63408.25115,320.3107142857147,False,RSI_NOT_BELOW_40|CLOSE_NOT_NEAR_OR_BELOW_LOWER_BB
2026-07-16T20:39:17.276811+00:00,NEW_BTC_12H_MR,BTC,BTCUSDT,strategy-lab-v1.0.0:NEW_BTC_12H_MR,1784109600000,2026-07-15T10:00:00+00:00,64615.58,64799.12,64563.18,64605.99,51.8591824347505,64670.2185,64402.218397742545,63414.87974999999,323.6992857142863,False,RSI_NOT_BELOW_40|CLOSE_NOT_NEAR_OR_BELOW_LOWER_BB
2026-07-16T20:39:17.276811+00:00,NEW_BTC_12H_MR,BTC,BTCUSDT,strategy-lab-v1.0.0:NEW_BTC_12H_MR,1784113200000,2026-07-15T11:00:00+00:00,64605.98,64704.74,64563.18,64679.32,50.995957072436866,64669.0285,64401.412252118804,63422.5762,307.788571428572,False,RSI_NOT_BELOW_40|CLOSE_NOT_NEAR_OR_BELOW_LOWER_BB|TARGET_NOT_ABOVE_ENTRY
2026-07-16T20:39:17.276811+00:00,NEW_BTC_12H_MR,BTC,BTCUSDT,strategy-lab-v1.0.0:NEW_BTC_12H_MR,1784116800000,2026-07-15T12:00:00+00:00,64679.33,65198.57,64538.0,65106.41,55.85918753352356,64689.674,64360.95793118833,63432.86635,313.4407142857147,False,RSI_NOT_BELOW_40|CLOSE_NOT_NEAR_OR_BELOW_LOWER_BB|TARGET_NOT_ABOVE_ENTRY
2026-07-16T20:39:17.276811+00:00,NEW_BTC_12H_MR,BTC,BTCUSDT,strategy-lab-v1.0.0:NEW_BTC_12H_MR,1784120400000,2026-07-15T13:00:00+00:00,65105.44,65528.76,64819.17,65057.05,51.451720376713126,64713.20850000001,64351.68805564038,63442.7779,344.67000000000087,False,RSI_NOT_BELOW_40|CLOSE_NOT_NEAR_OR_BELOW_LOWER_BB|TARGET_NOT_ABOVE_ENTRY
2026-07-16T20:39:17.276811+00:00,NEW_BTC_12H_MR,BTC,BTCUSDT,strategy-lab-v1.0.0:NEW_BTC_12H_MR,1784124000000,2026-07-15T14:00:00+00:00,65057.06,65466.18,65002.41,65339.5,61.614371217991994,64753.5135,64310.59020094026,63453.06035,356.0592857142864,False,RSI_NOT_BELOW_40|CLOSE_NOT_NEAR_OR_BELOW_LOWER_BB|TARGET_NOT_ABOVE_ENTRY
2026-07-16T20:39:17.276811+00:00,NEW_BTC_12H_MR,BTC,BTCUSDT,strategy-lab-v1.0.0:NEW_BTC_12H_MR,1784127600000,2026-07-15T15:00:00+00:00,65339.51,65559.5,65200.0,65369.98,66.12989941033646,64794.89200000001,64288.507186461,63464.73295,366.2264285714295,False,RSI_NOT_BELOW_40|CLOSE_NOT_NEAR_OR_BELOW_LOWER_BB|TARGET_NOT_ABOVE_ENTRY
2026-07-16T20:39:17.276811+00:00,NEW_BTC_12H_MR,BTC,BTCUSDT,strategy-lab-v1.0.0:NEW_BTC_12H_MR,1784131200000,2026-07-15T16:00:00+00:00,65369.99,65415.5,64723.69,65062.83,62.80554091448145,64821.96100000001,64319.0706488946,63474.8184,395.70071428571515,False,RSI_NOT_BELOW_40|CLOSE_NOT_NEAR_OR_BELOW_LOWER_BB|TARGET_NOT_ABOVE_ENTRY
2026-07-16T20:39:17.276811+00:00,NEW_BTC_12H_MR,BTC,BTCUSDT,strategy-lab-v1.0.0:NEW_BTC_12H_MR,1784134800000,2026-07-15T17:00:00+00:00,65062.84,65150.73,64912.02,65005.03,56.12559804243817,64840.471,64339.24502865084,63483.883550000006,386.84642857143,False,RSI_NOT_BELOW_40|CLOSE_NOT_NEAR_OR_BELOW_LOWER_BB|TARGET_NOT_ABOVE_ENTRY
2026-07-16T20:39:17.276811+00:00,NEW_BTC_12H_MR,BTC,BTCUSDT,strategy-lab-v1.0.0:NEW_BTC_12H_MR,1784138400000,2026-07-15T18:00:00+00:00,65002.61,65107.11,64798.64,64816.57,52.53168343061263,64840.50749999999,64339.28860235754,63491.826400000005,396.8342857142873,False,RSI_NOT_BELOW_40|CLOSE_NOT_NEAR_OR_BELOW_LOWER_BB
2026-07-16T20:39:17.276811+00:00,NEW_BTC_12H_MR,BTC,BTCUSDT,strategy-lab-v1.0.0:NEW_BTC_12H_MR,1784142000000,2026-07-15T19:00:00+00:00,64816.58,64969.73,64697.49,64941.86,51.011156678573,64838.16850000001,64339.30547470157,63499.809400000006,390.110714285716,False,RSI_NOT_BELOW_40|CLOSE_NOT_NEAR_OR_BELOW_LOWER_BB|TARGET_NOT_ABOVE_ENTRY
2026-07-16T20:39:17.276811+00:00,NEW_BTC_12H_MR,BTC,BTCUSDT,strategy-lab-v1.0.0:NEW_BTC_12H_MR,1784145600000,2026-07-15T20:00:00+00:00,64940.23,65015.84,64860.84,64927.95,53.713532162276266,64845.76700000001,64346.29524820326,63507.35765,367.7957142857158,False,RSI_NOT_BELOW_40|CLOSE_NOT_NEAR_OR_BELOW_LOWER_BB|TARGET_NOT_ABOVE_ENTRY
2026-07-16T20:39:17.276811+00:00,NEW_BTC_12H_MR,BTC,BTCUSDT,strategy-lab-v1.0.0:NEW_BTC_12H_MR,1784149200000,2026-07-15T21:00:00+00:00,64927.95,64983.71,64750.0,64796.0,57.28476985168488,64854.27,64364.358379726604,63516.395599999996,355.84428571428674,False,RSI_NOT_BELOW_40|CLOSE_NOT_NEAR_OR_BELOW_LOWER_BB
2026-07-16T20:39:17.276811+00:00,NEW_BTC_12H_MR,BTC,BTCUSDT,strategy-lab-v1.0.0:NEW_BTC_12H_MR,1784152800000,2026-07-15T22:00:00+00:00,64796.14,64942.33,64727.25,64821.03,52.767982302435556,64873.278000000006,64420.940463482315,63523.002,354.0507142857153,False,RSI_NOT_BELOW_40|CLOSE_NOT_NEAR_OR_BELOW_LOWER_BB
2026-07-16T20:39:17.276811+00:00,NEW_BTC_12H_MR,BTC,BTCUSDT,strategy-lab-v1.0.0:NEW_BTC_12H_MR,1784156400000,2026-07-15T23:00:00+00:00,64821.02,64900.0,64646.68,64716.63,52.76653762545913,64872.276,64418.64553257646,63527.1452,352.8050000000008,False,RSI_NOT_BELOW_40|CLOSE_NOT_NEAR_OR_BELOW_LOWER_BB
2026-07-16T20:39:17.276811+00:00,NEW_BTC_12H_MR,BTC,BTCUSDT,strategy-lab-v1.0.0:NEW_BTC_12H_MR,1784160000000,2026-07-16T00:00:00+00:00,64712.04,64809.98,64451.64,64537.4,48.28175336810419,64864.24250000001,64393.19972755371,63530.14785,361.54785714285805,False,RSI_NOT_BELOW_40|CLOSE_NOT_NEAR_OR_BELOW_LOWER_BB
2026-07-16T20:39:17.276811+00:00,NEW_BTC_12H_MR,BTC,BTCUSDT,strategy-lab-v1.0.0:NEW_BTC_12H_MR,1784163600000,2026-07-16T01:00:00+00:00,64540.54,64786.0,64345.38,64689.08,50.235262356094694,64853.896499999995,64377.044523879624,63532.8659,382.90928571428697,False,RSI_NOT_BELOW_40|CLOSE_NOT_NEAR_OR_BELOW_LOWER_BB
2026-07-16T20:39:17.276811+00:00,NEW_BTC_12H_MR,BTC,BTCUSDT,strategy-lab-v1.0.0:NEW_BTC_12H_MR,1784167200000,2026-07-16T02:00:00+00:00,64689.09,64689.09,64531.14,64595.85,35.33227611725896,64845.289000000004,64356.480849091175,63537.67524999999,347.0078571428582,False,CLOSE_NOT_NEAR_OR_BELOW_LOWER_BB
2026-07-16T20:39:17.276811+00:00,NEW_BTC_12H_MR,BTC,BTCUSDT,strategy-lab-v1.0.0:NEW_BTC_12H_MR,1784170800000,2026-07-16T03:00:00+00:00,64595.85,64694.44,64490.21,64562.14,35.65286965798332,64848.30649999999,64367.3352474184,63541.6019,310.9107142857153,False,CLOSE_NOT_NEAR_OR_BELOW_LOWER_BB
2026-07-16T20:39:17.276811+00:00,NEW_BTC_12H_MR,BTC,BTCUSDT,strategy-lab-v1.0.0:NEW_BTC_12H_MR,1784174400000,2026-07-16T04:00:00+00:00,64562.15,64639.41,64488.75,64590.88,24.55508272946038,64841.85400000001,64350.80982457898,63546.27144999999,288.5457142857158,False,CLOSE_NOT_NEAR_OR_BELOW_LOWER_BB
2026-07-16T20:39:17.276811+00:00,NEW_BTC_12H_MR,BTC,BTCUSDT,strategy-lab-v1.0.0:NEW_BTC_12H_MR,1784178000000,2026-07-16T05:00:00+00:00,64590.87,64946.07,64541.47,64865.14,35.280259382799485,64854.331999999995,64374.36320599053,63553.65365,291.7671428571443,False,CLOSE_NOT_NEAR_OR_BELOW_LOWER_BB|TARGET_NOT_ABOVE_ENTRY
2026-07-16T20:39:17.276811+00:00,NEW_BTC_12H_MR,BTC,BTCUSDT,strategy-lab-v1.0.0:NEW_BTC_12H_MR,1784181600000,2026-07-16T06:00:00+00:00,64865.15,64936.18,64577.18,64719.02,38.936549513775695,64859.983499999995,64389.271907737915,63559.723399999995,267.9950000000016,False,CLOSE_NOT_NEAR_OR_BELOW_LOWER_BB
2026-07-16T20:39:17.276811+00:00,NEW_BTC_12H_MR,BTC,BTCUSDT,strategy-lab-v1.0.0:NEW_BTC_12H_MR,1784185200000,2026-07-16T07:00:00+00:00,64719.02,64725.92,64030.41,64172.64,29.62215835369348,64834.6495,64280.60752124937,63563.970250000006,300.6235714285722,True,
2026-07-16T20:39:17.276811+00:00,NEW_BTC_12H_MR,BTC,BTCUSDT,strategy-lab-v1.0.0:NEW_BTC_12H_MR,1784188800000,2026-07-16T08:00:00+00:00,64174.25,64308.71,63827.42,64067.87,30.88783376729468,64782.722499999996,64151.06098672414,63566.45085000001,312.9678571428579,False,OPEN_TRADE_EXISTS
2026-07-16T20:39:17.276811+00:00,NEW_BTC_12H_MR,BTC,BTCUSDT,strategy-lab-v1.0.0:NEW_BTC_12H_MR,1784192400000,2026-07-16T09:00:00+00:00,64067.88,64126.25,63959.46,64038.01,25.745597793127132,64731.7705,64035.72447550307,63571.69995,305.4357142857147,False,OPEN_TRADE_EXISTS
2026-07-16T20:39:17.276811+00:00,NEW_BTC_12H_MR,BTC,BTCUSDT,strategy-lab-v1.0.0:NEW_BTC_12H_MR,1784196000000,2026-07-16T10:00:00+00:00,64038.01,64213.37,64015.37,64165.73,30.723592368543606,64673.081999999995,63994.17401758778,63577.84215,308.50714285714326,False,OPEN_TRADE_EXISTS|CLOSE_NOT_NEAR_OR_BELOW_LOWER_BB
2026-07-16T20:39:17.276811+00:00,NEW_BTC_12H_MR,BTC,BTCUSDT,strategy-lab-v1.0.0:NEW_BTC_12H_MR,1784199600000,2026-07-16T11:00:00+00:00,64165.73,64220.17,64026.97,64200.0,34.14387570501219,64614.583,63986.207739631594,63585.2492,305.6135714285717,False,OPEN_TRADE_EXISTS|CLOSE_NOT_NEAR_OR_BELOW_LOWER_BB
2026-07-16T20:39:17.276811+00:00,NEW_BTC_12H_MR,BTC,BTCUSDT,strategy-lab-v1.0.0:NEW_BTC_12H_MR,1784203200000,2026-07-16T12:00:00+00:00,64200.0,64203.98,63798.96,63914.11,28.81285451300309,64557.147,63894.11811555899,63591.0898,319.1807142857147,False,OPEN_TRADE_EXISTS
2026-07-16T20:39:17.276811+00:00,NEW_BTC_12H_MR,BTC,BTCUSDT,strategy-lab-v1.0.0:NEW_BTC_12H_MR,1784206800000,2026-07-16T13:00:00+00:00,63914.11,64429.99,63905.25,64325.54,42.009733215107374,64523.17250000001,63886.306141056375,63599.7737,338.56785714285746,False,OPEN_TRADE_EXISTS|RSI_NOT_BELOW_40|CLOSE_NOT_NEAR_OR_BELOW_LOWER_BB
2026-07-16T20:39:17.276811+00:00,NEW_BTC_12H_MR,BTC,BTCUSDT,strategy-lab-v1.0.0:NEW_BTC_12H_MR,1784210400000,2026-07-16T14:00:00+00:00,64322.26,64812.48,64278.01,64493.21,49.0928797526819,64507.0045,63884.49644869615,63609.210250000004,351.14857142857153,False,OPEN_TRADE_EXISTS|RSI_NOT_BELOW_40|CLOSE_NOT_NEAR_OR_BELOW_LOWER_BB
2026-07-16T20:39:17.276811+00:00,NEW_BTC_12H_MR,BTC,BTCUSDT,strategy-lab-v1.0.0:NEW_BTC_12H_MR,1784214000000,2026-07-16T15:00:00+00:00,64493.21,64847.44,64260.69,64660.54,49.417878909022654,64492.938500000004,63898.279241861244,63618.34075,361.5864285714285,False,RSI_NOT_BELOW_40|CLOSE_NOT_NEAR_OR_BELOW_LOWER_BB|TARGET_NOT_ABOVE_ENTRY
2026-07-16T20:39:17.276811+00:00,NEW_BTC_12H_MR,BTC,BTCUSDT,strategy-lab-v1.0.0:NEW_BTC_12H_MR,1784217600000,2026-07-16T16:00:00+00:00,64660.55,64672.52,64281.86,64432.08,46.8342734312479,64468.145,63907.73933166754,63630.701349999996,378.2085714285713,False,RSI_NOT_BELOW_40|CLOSE_NOT_NEAR_OR_BELOW_LOWER_BB
2026-07-16T20:39:17.276811+00:00,NEW_BTC_12H_MR,BTC,BTCUSDT,strategy-lab-v1.0.0:NEW_BTC_12H_MR,1784221200000,2026-07-16T17:00:00+00:00,64430.68,64434.84,63940.36,64030.02,40.99615561631963,64429.846,63859.68796715719,63640.842399999994,398.9407142857136,False,RSI_NOT_BELOW_40|CLOSE_NOT_NEAR_OR_BELOW_LOWER_BB
2026-07-16T20:39:17.276811+00:00,NEW_BTC_12H_MR,BTC,BTCUSDT,strategy-lab-v1.0.0:NEW_BTC_12H_MR,1784224800000,2026-07-16T18:00:00+00:00,64030.16,64288.58,64001.18,64191.56,43.53382387232169,64398.3725,63848.94651154095,63651.16024999999,408.70785714285637,False,RSI_NOT_BELOW_40|CLOSE_NOT_NEAR_OR_BELOW_LOWER_BB
2026-07-16T20:39:17.276811+00:00,NEW_BTC_12H_MR,BTC,BTCUSDT,strategy-lab-v1.0.0:NEW_BTC_12H_MR,1784228400000,2026-07-16T19:00:00+00:00,64188.81,64261.05,64097.72,64217.54,38.59650358516352,64373.418000000005,63838.945811889884,63661.001350000006,391.47428571428514,False,CLOSE_NOT_NEAR_OR_BELOW_LOWER_BB
2026-07-16T20:39:17.276811+00:00,NEW_BTC_12H_MR,BTC,BTCUSDT,strategy-lab-v1.0.0:NEW_BTC_12H_MR,1784232000000,2026-07-16T20:00:00+00:00,64217.54,64233.19,64101.79,64106.08,39.07345212883544,64351.852,63810.81960501497,63672.0607,375.2171428571424,False,CLOSE_NOT_NEAR_OR_BELOW_LOWER_BB
2026-07-16T23:43:59.404593+00:00,NEW_BTC_12H_MR,BTC,BTCUSDT,strategy-lab-v1.0.0:NEW_BTC_12H_MR,1784235600000,2026-07-16T21:00:00+00:00,64056.98,64188.32,64047.04,64113.03,48.738994495661245,64320.59449999999,63788.8241585758,63682.99029999999,338.865714285714,False,RSI_NOT_BELOW_40|CLOSE_NOT_NEAR_OR_BELOW_LOWER_BB
2026-07-16T23:43:59.404593+00:00,NEW_BTC_12H_MR,BTC,BTCUSDT,strategy-lab-v1.0.0:NEW_BTC_12H_MR,1784239200000,2026-07-16T22:00:00+00:00,64113.03,64197.15,63900.0,63916.84,46.92404511590572,64286.64400000001,63742.93491288133,63693.42105,325.7128571428569,False,RSI_NOT_BELOW_40|CLOSE_NOT_NEAR_OR_BELOW_LOWER_BB
2026-07-16T23:43:59.404593+00:00,NEW_BTC_12H_MR,BTC,BTCUSDT,strategy-lab-v1.0.0:NEW_BTC_12H_MR,1784242800000,2026-07-16T23:00:00+00:00,63916.84,63962.11,63690.78,63712.65,43.81289601192693,64244.169499999996,63661.8315809028,63703.82979999999,333.1799999999998,False,RSI_NOT_BELOW_40
2026-07-17T00:38:13.078939+00:00,NEW_BTC_12H_MR,BTC,BTCUSDT,strategy-lab-v1.0.0:NEW_BTC_12H_MR,1784246399999,2026-07-16T23:59:59.999000+00:00,64256.52,64896.0,63748.74,63830.2,53.883321773517295,63623.943499999994,61966.07529560843,70568.9197,1067.595,False,RSI_NOT_BELOW_40|CLOSE_NOT_NEAR_OR_BELOW_LOWER_BB|CLOSE_NOT_ABOVE_MA200|TARGET_NOT_ABOVE_ENTRY
2026-07-17T00:41:49.412049+00:00,NEW_BTC_12H_MR,BTC,BTCUSDT,strategy-lab-v1.0.0:NEW_BTC_12H_MR,1784246400000,2026-07-17T00:00:00+00:00,63770.6,63854.35,63559.63,63608.97,39.31485817372274,64197.9715,63585.12119487615,63711.93545,340.0885714285713,False,CLOSE_NOT_ABOVE_MA200
2026-07-17T07:34:26.835727+00:00,NEW_BTC_12H_MR,BTC,BTCUSDT,strategy-lab-v1.0.0:NEW_BTC_12H_MR,1784250000000,2026-07-17T01:00:00+00:00,63836.44,64013.4,63410.0,63489.0,37.405586180509346,64140.538,63565.5137600028,63720.254349999996,369.3885714285716,False,CLOSE_NOT_ABOVE_MA200
2026-07-17T07:34:26.835727+00:00,NEW_BTC_12H_MR,BTC,BTCUSDT,strategy-lab-v1.0.0:NEW_BTC_12H_MR,1784253600000,2026-07-17T02:00:00+00:00,63489.0,63605.0,63330.3,63430.08,40.67634674135405,64076.091,63486.12401580825,63726.77359999999,360.07999999999964,False,RSI_NOT_BELOW_40|CLOSE_NOT_ABOVE_MA200
2026-07-17T07:34:26.835727+00:00,NEW_BTC_12H_MR,BTC,BTCUSDT,strategy-lab-v1.0.0:NEW_BTC_12H_MR,1784257200000,2026-07-17T03:00:00+00:00,63430.09,63663.38,63425.4,63508.14,31.934634051468834,64042.866,63405.45344463552,63733.1958,339.5971428571424,False,CLOSE_NOT_NEAR_OR_BELOW_LOWER_BB|CLOSE_NOT_ABOVE_MA200
2026-07-17T07:34:26.835727+00:00,NEW_BTC_12H_MR,BTC,BTCUSDT,strategy-lab-v1.0.0:NEW_BTC_12H_MR,1784260800000,2026-07-17T04:00:00+00:00,63508.14,63524.44,63255.48,63423.17,25.453744655080712,64010.630999999994,63318.664258518686,63740.013849999996,320.63214285714224,False,CLOSE_NOT_NEAR_OR_BELOW_LOWER_BB|CLOSE_NOT_ABOVE_MA200
2026-07-17T07:34:26.835727+00:00,NEW_BTC_12H_MR,BTC,BTCUSDT,strategy-lab-v1.0.0:NEW_BTC_12H_MR,1784264400000,2026-07-17T05:00:00+00:00,63417.87,63417.87,62744.16,62782.59,14.60558108327146,63947.86,63073.48925760281,63743.266299999996,327.2221428571419,False,CLOSE_NOT_ABOVE_MA200
2026-07-17T07:34:26.835727+00:00,NEW_BTC_12H_MR,BTC,BTCUSDT,strategy-lab-v1.0.0:NEW_BTC_12H_MR,1784268000000,2026-07-17T06:00:00+00:00,62782.59,62937.81,62641.19,62890.91,19.5751653341232,63884.11899999999,62903.1971234185,63746.3041,320.5049999999989,False,CLOSE_NOT_ABOVE_MA200
2026-07-17T07:34:26.835727+00:00,NEW_BTC_12H_MR,BTC,BTCUSDT,strategy-lab-v1.0.0:NEW_BTC_12H_MR,1784271600000,2026-07-17T07:00:00+00:00,62890.91,62927.27,62741.48,62887.52,23.232025041235772,63818.494999999995,62758.46318793957,63749.553199999995,298.45571428571304,False,CLOSE_NOT_NEAR_OR_BELOW_LOWER_BB|CLOSE_NOT_ABOVE_MA200
2026-07-17T12:00:16.007706+00:00,NEW_BTC_12H_MR,BTC,BTCUSDT,strategy-lab-v1.0.0:NEW_BTC_12H_MR,1784275200000,2026-07-17T08:00:00+00:00,62770.8,62876.48,62588.0,62826.02,18.161512347981827,63758.2545,62596.138015658165,63752.677,298.532857142856,False,CLOSE_NOT_NEAR_OR_BELOW_LOWER_BB|CLOSE_NOT_ABOVE_MA200
2026-07-17T12:00:16.007706+00:00,NEW_BTC_12H_MR,BTC,BTCUSDT,strategy-lab-v1.0.0:NEW_BTC_12H_MR,1784278800000,2026-07-17T09:00:00+00:00,62826.01,63003.78,62795.52,62927.94,20.960448924077525,63688.3745,62503.256897540654,63758.033449999995,301.7421428571418,False,CLOSE_NOT_NEAR_OR_BELOW_LOWER_BB|CLOSE_NOT_ABOVE_MA200
2026-07-17T12:00:16.007706+00:00,NEW_BTC_12H_MR,BTC,BTCUSDT,strategy-lab-v1.0.0:NEW_BTC_12H_MR,1784282400000,2026-07-17T10:00:00+00:00,62927.94,63133.93,62924.25,63119.72,29.187170240358157,63619.7,62470.456537751925,63764.9812,304.0971428571419,False,CLOSE_NOT_NEAR_OR_BELOW_LOWER_BB|CLOSE_NOT_ABOVE_MA200
2026-07-17T12:00:16.007706+00:00,NEW_BTC_12H_MR,BTC,BTCUSDT,strategy-lab-v1.0.0:NEW_BTC_12H_MR,1784286000000,2026-07-17T11:00:00+00:00,63119.73,63303.38,63000.0,63272.65,32.10830650792853,63550.3055,62497.25407277582,63771.7745,315.6757142857132,False,CLOSE_NOT_NEAR_OR_BELOW_LOWER_BB|CLOSE_NOT_ABOVE_MA200
2026-07-17T13:56:59.935280+00:00,NEW_BTC_12H_MR,BTC,BTCUSDT,strategy-lab-v1.0.0:NEW_BTC_12H_MR,1784289600000,2026-07-17T12:00:00+00:00,63237.74,63285.91,63004.02,63037.98,31.0360006559699,63478.854999999996,62484.06468771303,63774.8059,314.58571428571355,False,CLOSE_NOT_NEAR_OR_BELOW_LOWER_BB|CLOSE_NOT_ABOVE_MA200
2026-07-17T13:56:59.935280+00:00,NEW_BTC_12H_MR,BTC,BTCUSDT,strategy-lab-v1.0.0:NEW_BTC_12H_MR,1784293200000,2026-07-17T13:00:00+00:00,63037.99,63042.14,62452.52,62772.71,29.51962269262509,63415.9895,62409.624227437875,63775.9825,337.3207142857136,False,CLOSE_NOT_NEAR_OR_BELOW_LOWER_BB|CLOSE_NOT_ABOVE_MA200
2026-07-17T15:13:13.149235+00:00,NEW_BTC_12H_MR,BTC,BTCUSDT,strategy-lab-v1.0.0:NEW_BTC_12H_MR,1784296800000,2026-07-17T14:00:00+00:00,63092.11,63459.93,63011.6,63112.0,33.377693747934856,63377.98150000001,62459.61854573244,63778.6222,353.85857142857066,False,CLOSE_NOT_NEAR_OR_BELOW_LOWER_BB|CLOSE_NOT_ABOVE_MA200
2026-07-17T15:13:13.149235+00:00,NEW_BTC_12H_MR,BTC,BTCUSDT,strategy-lab-v1.0.0:NEW_BTC_12H_MR,1784300400000,2026-07-17T15:00:00+00:00,63112.95,63141.84,62869.09,62869.09,35.05945753136754,63310.558999999994,62452.63723286962,63778.231349999995,330.2407142857134,False,CLOSE_NOT_NEAR_OR_BELOW_LOWER_BB|CLOSE_NOT_ABOVE_MA200
2026-07-17T16:35:48.140708+00:00,NEW_BTC_12H_MR,BTC,BTCUSDT,strategy-lab-v1.0.0:NEW_BTC_12H_MR,1784304000000,2026-07-17T16:00:00+00:00,63403.17,63522.84,63257.69,63350.0,48.10875151148726,63301.91449999999,62535.52696097087,63783.45185,354.19642857142753,False,RSI_NOT_BELOW_40|CLOSE_NOT_NEAR_OR_BELOW_LOWER_BB|CLOSE_NOT_ABOVE_MA200|TARGET_NOT_ABOVE_ENTRY
2026-07-17T17:43:01.385359+00:00,NEW_BTC_12H_MR,BTC,BTCUSDT,strategy-lab-v1.0.0:NEW_BTC_12H_MR,1784307600000,2026-07-17T17:00:00+00:00,63550.11,64105.59,63550.11,63995.37,59.44951068047034,63306.0365,62555.21488530639,63789.9489,387.22071428571354,False,RSI_NOT_BELOW_40|CLOSE_NOT_NEAR_OR_BELOW_LOWER_BB|TARGET_NOT_ABOVE_ENTRY
2026-07-17T18:41:36.387548+00:00,NEW_BTC_12H_MR,BTC,BTCUSDT,strategy-lab-v1.0.0:NEW_BTC_12H_MR,1784311200000,2026-07-17T18:00:00+00:00,64008.72,64097.99,63850.0,63989.77,61.19895639799181,63310.458,62544.39081441892,63796.362649999995,392.46642857142797,False,RSI_NOT_BELOW_40|CLOSE_NOT_NEAR_OR_BELOW_LOWER_BB|TARGET_NOT_ABOVE_ENTRY
2026-07-17T19:47:35.274538+00:00,NEW_BTC_12H_MR,BTC,BTCUSDT,strategy-lab-v1.0.0:NEW_BTC_12H_MR,1784314800000,2026-07-17T19:00:00+00:00,64225.32,64226.43,63938.88,64128.43,80.87610465169654,63340.12849999999,62474.14951599917,63804.5879,382.75999999999993,False,RSI_NOT_BELOW_40|CLOSE_NOT_NEAR_OR_BELOW_LOWER_BB|TARGET_NOT_ABOVE_ENTRY
2026-07-17T20:38:14.742795+00:00,NEW_BTC_12H_MR,BTC,BTCUSDT,strategy-lab-v1.0.0:NEW_BTC_12H_MR,1784318400000,2026-07-17T20:00:00+00:00,64116.72,64117.66,63944.31,63978.35,74.4788805949991,63346.4625,62464.87104362404,63811.6381,373.9550000000007,False,RSI_NOT_BELOW_40|CLOSE_NOT_NEAR_OR_BELOW_LOWER_BB|TARGET_NOT_ABOVE_ENTRY
2026-07-17T21:29:58.054926+00:00,NEW_BTC_12H_MR,BTC,BTCUSDT,strategy-lab-v1.0.0:NEW_BTC_12H_MR,1784322000000,2026-07-17T21:00:00+00:00,64077.45,64186.05,64077.45,64164.47,83.35750769510635,63385.19099999999,62421.87383632228,63818.11515,373.6700000000014,False,RSI_NOT_BELOW_40|CLOSE_NOT_NEAR_OR_BELOW_LOWER_BB|TARGET_NOT_ABOVE_ENTRY
2026-07-17T22:25:40.895155+00:00,NEW_BTC_12H_MR,BTC,BTCUSDT,strategy-lab-v1.0.0:NEW_BTC_12H_MR,1784325600000,2026-07-17T22:00:00+00:00,64067.59,64109.17,63951.04,63972.0,77.92076795633976,63407.44300000001,62424.5168405536,63822.713650000005,368.00214285714384,False,RSI_NOT_BELOW_40|CLOSE_NOT_NEAR_OR_BELOW_LOWER_BB|TARGET_NOT_ABOVE_ENTRY
2026-07-17T23:22:40.932319+00:00,NEW_BTC_12H_MR,BTC,BTCUSDT,strategy-lab-v1.0.0:NEW_BTC_12H_MR,1784329200000,2026-07-17T23:00:00+00:00,63937.99,63938.0,63840.64,63875.91,73.16223361366737,63424.130999999994,62424.40840397846,63827.90825,365.5835714285723,False,RSI_NOT_BELOW_40|CLOSE_NOT_NEAR_OR_BELOW_LOWER_BB|TARGET_NOT_ABOVE_ENTRY
2026-07-18T00:14:11.008434+00:00,NEW_BTC_12H_MR,BTC,BTCUSDT,strategy-lab-v1.0.0:NEW_BTC_12H_MR,1784332800000,2026-07-18T00:00:00+00:00,63893.99,63921.11,63845.36,63880.8,70.57306590257905,63447.916999999994,62427.022379246206,63834.2239,358.5378571428581,False,RSI_NOT_BELOW_40|CLOSE_NOT_NEAR_OR_BELOW_LOWER_BB|TARGET_NOT_ABOVE_ENTRY
2026-07-18T03:34:25.845617+00:00,NEW_BTC_12H_MR,BTC,BTCUSDT,strategy-lab-v1.0.0:NEW_BTC_12H_MR,1784336400000,2026-07-18T01:00:00+00:00,63867.91,63959.74,63842.35,63916.0,68.91769772293712,63503.94300000001,62512.600578208236,63838.298200000005,348.967142857144,False,RSI_NOT_BELOW_40|CLOSE_NOT_NEAR_OR_BELOW_LOWER_BB|TARGET_NOT_ABOVE_ENTRY
2026-07-18T03:34:25.845617+00:00,NEW_BTC_12H_MR,BTC,BTCUSDT,strategy-lab-v1.0.0:NEW_BTC_12H_MR,1784340000000,2026-07-18T02:00:00+00:00,63916.0,63992.77,63882.75,63912.28,77.37971464719226,63555.0115,62590.380088645914,63842.044299999994,336.6907142857147,False,RSI_NOT_BELOW_40|CLOSE_NOT_NEAR_OR_BELOW_LOWER_BB|TARGET_NOT_ABOVE_ENTRY
2026-07-18T03:34:25.845617+00:00,NEW_BTC_12H_MR,BTC,BTCUSDT,strategy-lab-v1.0.0:NEW_BTC_12H_MR,1784343600000,2026-07-18T03:00:00+00:00,63912.28,63956.66,63896.86,63908.09,76.37843639278971,63611.876000000004,62706.60541922541,63845.615549999995,293.28071428571485,False,RSI_NOT_BELOW_40|CLOSE_NOT_NEAR_OR_BELOW_LOWER_BB|TARGET_NOT_ABOVE_ENTRY
2026-07-18T05:50:27.796181+00:00,NEW_BTC_12H_MR,BTC,BTCUSDT,strategy-lab-v1.0.0:NEW_BTC_12H_MR,1784347200000,2026-07-18T04:00:00+00:00,63970.76,63976.0,63895.99,63925.87,75.02690668454329,63670.0025,62827.140106631494,63849.2708,269.60428571428616,False,RSI_NOT_BELOW_40|CLOSE_NOT_NEAR_OR_BELOW_LOWER_BB|TARGET_NOT_ABOVE_ENTRY
2026-07-18T05:50:27.796181+00:00,NEW_BTC_12H_MR,BTC,BTCUSDT,strategy-lab-v1.0.0:NEW_BTC_12H_MR,1784350800000,2026-07-18T05:00:00+00:00,63925.87,63956.08,63873.07,63938.23,69.8582955380542,63720.51699999999,62943.041596605224,63852.8435,231.413571428572,False,RSI_NOT_BELOW_40|CLOSE_NOT_NEAR_OR_BELOW_LOWER_BB|TARGET_NOT_ABOVE_ENTRY
