timestamp,asset,symbol,strategy_version,equity,open_trade,last_evaluated_close_time,missed_run_count
2026-07-16T20:39:17.276811+00:00,NEAR,NEARUSDT,strategy-lab-v1.0.0:NEW_NEAR_2H_MR,10000.0,False,1784232000000,0
2026-07-16T23:43:59.404593+00:00,NEAR,NEARUSDT,strategy-lab-v1.0.0:NEW_NEAR_2H_MR,10000.0,False,1784242800000,2
2026-07-17T00:38:13.078939+00:00,NEAR,NEARUSDT,strategy-lab-v1.0.0:NEW_NEAR_2H_MR,10000.0,False,1784246399999,2
2026-07-17T00:41:49.412049+00:00,NEAR,NEARUSDT,strategy-lab-v1.0.0:NEW_NEAR_2H_MR,10000.0,False,1784246400000,2
2026-07-17T07:34:26.835727+00:00,NEAR,NEARUSDT,strategy-lab-v1.0.0:NEW_NEAR_2H_MR,10000.0,False,1784271600000,8
2026-07-17T12:00:16.007706+00:00,NEAR,NEARUSDT,strategy-lab-v1.0.0:NEW_NEAR_2H_MR,10000.0,False,1784286000000,11
2026-07-17T13:56:59.935280+00:00,NEAR,NEARUSDT,strategy-lab-v1.0.0:NEW_NEAR_2H_MR,10000.0,False,1784293200000,12
2026-07-17T15:13:13.149235+00:00,NEAR,NEARUSDT,strategy-lab-v1.0.0:NEW_NEAR_2H_MR,10000.0,False,1784300400000,13
2026-07-17T16:35:48.140708+00:00,NEAR,NEARUSDT,strategy-lab-v1.0.0:NEW_NEAR_2H_MR,10000.0,False,1784304000000,13
2026-07-17T17:43:01.385359+00:00,NEAR,NEARUSDT,strategy-lab-v1.0.0:NEW_NEAR_2H_MR,10000.0,False,1784307600000,13
2026-07-17T18:41:36.387548+00:00,NEAR,NEARUSDT,strategy-lab-v1.0.0:NEW_NEAR_2H_MR,10000.0,False,1784311200000,13
2026-07-17T19:47:35.274538+00:00,NEAR,NEARUSDT,strategy-lab-v1.0.0:NEW_NEAR_2H_MR,10000.0,False,1784314800000,13
2026-07-17T20:38:14.742795+00:00,NEAR,NEARUSDT,strategy-lab-v1.0.0:NEW_NEAR_2H_MR,10000.0,False,1784318400000,13
2026-07-17T21:29:58.054926+00:00,NEAR,NEARUSDT,strategy-lab-v1.0.0:NEW_NEAR_2H_MR,10000.0,False,1784322000000,13
2026-07-17T22:25:40.895155+00:00,NEAR,NEARUSDT,strategy-lab-v1.0.0:NEW_NEAR_2H_MR,10000.0,False,1784325600000,13
2026-07-17T23:22:40.932319+00:00,NEAR,NEARUSDT,strategy-lab-v1.0.0:NEW_NEAR_2H_MR,10000.0,False,1784329200000,13
2026-07-18T00:14:11.008434+00:00,NEAR,NEARUSDT,strategy-lab-v1.0.0:NEW_NEAR_2H_MR,10000.0,False,1784332800000,13
2026-07-18T03:34:25.845617+00:00,NEAR,NEARUSDT,strategy-lab-v1.0.0:NEW_NEAR_2H_MR,10000.0,False,1784343600000,15
2026-07-18T05:50:27.796181+00:00,NEAR,NEARUSDT,strategy-lab-v1.0.0:NEW_NEAR_2H_MR,10000.0,False,1784350800000,16
2026-07-18T07:21:31.453909+00:00,NEAR,NEARUSDT,strategy-lab-v1.0.0:NEW_NEAR_2H_MR,10000.0,False,1784358000000,17
2026-07-18T09:04:53.046040+00:00,NEAR,NEARUSDT,strategy-lab-v1.0.0:NEW_NEAR_2H_MR,10000.0,False,1784361600000,17
2026-07-18T10:37:26.372854+00:00,NEAR,NEARUSDT,strategy-lab-v1.0.0:NEW_NEAR_2H_MR,10000.0,False,1784368800000,18
2026-07-18T11:34:15.155474+00:00,NEAR,NEARUSDT,strategy-lab-v1.0.0:NEW_NEAR_2H_MR,10000.0,False,1784372400000,18
2026-07-18T12:32:13.487374+00:00,NEAR,NEARUSDT,strategy-lab-v1.0.0:NEW_NEAR_2H_MR,10000.0,False,1784376000000,18
2026-07-18T14:01:23.554070+00:00,NEAR,NEARUSDT,strategy-lab-v1.0.0:NEW_NEAR_2H_MR,10000.0,False,1784379600000,18
2026-07-18T15:04:57.497989+00:00,NEAR,NEARUSDT,strategy-lab-v1.0.0:NEW_NEAR_2H_MR,10000.0,False,1784386800000,19
2026-07-18T16:06:49.867704+00:00,NEAR,NEARUSDT,strategy-lab-v1.0.0:NEW_NEAR_2H_MR,10000.0,False,1784390400000,19
2026-07-18T17:09:10.301155+00:00,NEAR,NEARUSDT,strategy-lab-v1.0.0:NEW_NEAR_2H_MR,10000.0,False,1784394000000,19
2026-07-18T17:10:32.208567+00:00,NEAR,NEARUSDT,strategy-lab-v1.0.0:NEW_NEAR_2H_MR,10000.0,False,1784394000000,19
2026-07-18T18:07:00.136968+00:00,NEAR,NEARUSDT,strategy-lab-v1.0.0:NEW_NEAR_2H_MR,10000.0,False,1784397600000,19
2026-07-18T19:21:06.478656+00:00,NEAR,NEARUSDT,strategy-lab-v1.0.0:NEW_NEAR_2H_MR,10000.0,False,1784401200000,19
2026-07-18T20:10:33.554640+00:00,NEAR,NEARUSDT,strategy-lab-v1.0.0:NEW_NEAR_2H_MR,10000.0,False,1784404800000,19
2026-07-18T21:05:46.438050+00:00,NEAR,NEARUSDT,strategy-lab-v1.0.0:NEW_NEAR_2H_MR,10000.0,False,1784408400000,19
2026-07-18T22:02:49.027380+00:00,NEAR,NEARUSDT,strategy-lab-v1.0.0:NEW_NEAR_2H_MR,10000.0,False,1784408400000,19
2026-07-18T23:01:30.190369+00:00,NEAR,NEARUSDT,strategy-lab-v1.0.0:NEW_NEAR_2H_MR,10000.0,False,1784412000000,19
2026-07-19T00:01:32.228231+00:00,NEAR,NEARUSDT,strategy-lab-v1.0.0:NEW_NEAR_2H_MR,10000.0,False,1784415600000,19
2026-07-19T03:41:31.708065+00:00,NEAR,NEARUSDT,strategy-lab-v1.0.0:NEW_NEAR_2H_MR,10000.0,False,1784430000000,22
2026-07-19T06:15:55.912056+00:00,NEAR,NEARUSDT,strategy-lab-v1.0.0:NEW_NEAR_2H_MR,10000.0,False,1784440800000,24
2026-07-19T08:36:16.854597+00:00,NEAR,NEARUSDT,strategy-lab-v1.0.0:NEW_NEAR_2H_MR,10000.0,False,1784448000000,25
2026-07-19T10:11:40.040311+00:00,NEAR,NEARUSDT,strategy-lab-v1.0.0:NEW_NEAR_2H_MR,10000.0,False,1784455200000,26
2026-07-19T11:29:25.862118+00:00,NEAR,NEARUSDT,strategy-lab-v1.0.0:NEW_NEAR_2H_MR,10000.0,False,1784458800000,26
2026-07-19T12:28:54.593056+00:00,NEAR,NEARUSDT,strategy-lab-v1.0.0:NEW_NEAR_2H_MR,10000.0,False,1784462400000,26
2026-07-19T14:03:00.488269+00:00,NEAR,NEARUSDT,strategy-lab-v1.0.0:NEW_NEAR_2H_MR,10000.0,False,1784466000000,26
2026-07-19T15:07:19.173085+00:00,NEAR,NEARUSDT,strategy-lab-v1.0.0:NEW_NEAR_2H_MR,10000.0,False,1784473200000,27
2026-07-19T16:08:02.507928+00:00,NEAR,NEARUSDT,strategy-lab-v1.0.0:NEW_NEAR_2H_MR,10000.0,False,1784476800000,27
2026-07-19T17:13:09.394101+00:00,NEAR,NEARUSDT,strategy-lab-v1.0.0:NEW_NEAR_2H_MR,10000.0,False,1784480400000,27
2026-07-19T18:09:11.999343+00:00,NEAR,NEARUSDT,strategy-lab-v1.0.0:NEW_NEAR_2H_MR,10000.0,False,1784484000000,27
2026-07-19T19:29:57.947012+00:00,NEAR,NEARUSDT,strategy-lab-v1.0.0:NEW_NEAR_2H_MR,10000.0,False,1784487600000,27
2026-07-19T20:25:01.244839+00:00,NEAR,NEARUSDT,strategy-lab-v1.0.0:NEW_NEAR_2H_MR,10000.0,False,1784491200000,27
2026-07-19T21:14:20.693242+00:00,NEAR,NEARUSDT,strategy-lab-v1.0.0:NEW_NEAR_2H_MR,10000.0,False,1784494800000,27
2026-07-19T22:10:44.118814+00:00,NEAR,NEARUSDT,strategy-lab-v1.0.0:NEW_NEAR_2H_MR,10000.0,False,1784498400000,27
2026-07-19T23:11:13.385241+00:00,NEAR,NEARUSDT,strategy-lab-v1.0.0:NEW_NEAR_2H_MR,10000.0,False,1784502000000,27
2026-07-20T00:11:48.386992+00:00,NEAR,NEARUSDT,strategy-lab-v1.0.0:NEW_NEAR_2H_MR,10000.0,False,1784505600000,27
2026-07-20T04:04:33.948188+00:00,NEAR,NEARUSDT,strategy-lab-v1.0.0:NEW_NEAR_2H_MR,10000.0,False,1784520000000,30
2026-07-20T07:23:39.375734+00:00,NEAR,NEARUSDT,strategy-lab-v1.0.0:NEW_NEAR_2H_MR,10000.0,False,1784530800000,32
2026-07-20T10:23:53.063888+00:00,NEAR,NEARUSDT,strategy-lab-v1.0.0:NEW_NEAR_2H_MR,10000.0,False,1784541600000,34
2026-07-20T12:29:53.097866+00:00,NEAR,NEARUSDT,strategy-lab-v1.0.0:NEW_NEAR_2H_MR,10000.0,False,1784548800000,35
2026-07-20T14:41:31.144159+00:00,NEAR,NEARUSDT,strategy-lab-v1.0.0:NEW_NEAR_2H_MR,10000.0,False,1784556000000,36
2026-07-20T16:14:53.327382+00:00,NEAR,NEARUSDT,strategy-lab-v1.0.0:NEW_NEAR_2H_MR,10000.0,False,1784563200000,37
2026-07-20T18:51:44.362534+00:00,NEAR,NEARUSDT,strategy-lab-v1.0.0:NEW_NEAR_2H_MR,10000.0,False,1784570400000,38
2026-07-20T20:01:36.094652+00:00,NEAR,NEARUSDT,strategy-lab-v1.0.0:NEW_NEAR_2H_MR,10000.0,False,1784574000000,38
2026-07-20T21:19:07.024481+00:00,NEAR,NEARUSDT,strategy-lab-v1.0.0:NEW_NEAR_2H_MR,10000.0,False,1784581200000,39
2026-07-20T22:17:09.202912+00:00,NEAR,NEARUSDT,strategy-lab-v1.0.0:NEW_NEAR_2H_MR,10000.0,False,1784584800000,39
2026-07-20T23:18:37.083890+00:00,NEAR,NEARUSDT,strategy-lab-v1.0.0:NEW_NEAR_2H_MR,10000.0,False,1784588400000,39
2026-07-20T23:27:31.204841+00:00,NEAR,NEARUSDT,strategy-lab-v1.0.0:NEW_NEAR_2H_MR,10000.0,False,1784588400000,39
2026-07-21T00:15:39.965509+00:00,NEAR,NEARUSDT,strategy-lab-v1.0.0:NEW_NEAR_2H_MR,10000.0,False,1784592000000,39
2026-07-21T03:50:05.601446+00:00,NEAR,NEARUSDT,strategy-lab-v1.0.0:NEW_NEAR_2H_MR,10000.0,False,1784602800000,41
2026-07-21T06:19:33.059339+00:00,NEAR,NEARUSDT,strategy-lab-v1.0.0:NEW_NEAR_2H_MR,10000.0,False,1784613600000,43
