timestamp,candidate_id,asset,symbol,strategy_version,candle_close_time,candle_time,open,high,low,close,rsi,ma20,bb_lower,ma200,atr,passed,rejection_reasons,atr_pct,rsi_prev,planned_reward_r
2026-07-16T20:39:17.276811+00:00,NEW_XRP_2H_MR,XRP,XRPUSDT,strategy-lab-v1.0.0:NEW_XRP_2H_MR,1784016000000,2026-07-14T08:00:00+00:00,1.0675,1.0702,1.0665,1.0678,59.580052493438366,1.065735,1.0564397807987205,1.101747,0.0062857142857142756,False,RSI_NOT_BELOW_30|CLOSE_NOT_NEAR_OR_BELOW_LOWER_BB|CLOSE_NOT_ABOVE_MA200|TARGET_NOT_ABOVE_ENTRY,,,
2026-07-16T20:39:17.276811+00:00,NEW_XRP_2H_MR,XRP,XRPUSDT,strategy-lab-v1.0.0:NEW_XRP_2H_MR,1784019600000,2026-07-14T09:00:00+00:00,1.0675,1.0693,1.0665,1.0674,51.97568389057727,1.065715,1.0564359321588943,1.101326,0.005749999999999985,False,RSI_NOT_BELOW_30|CLOSE_NOT_NEAR_OR_BELOW_LOWER_BB|CLOSE_NOT_ABOVE_MA200|TARGET_NOT_ABOVE_ENTRY,,,
2026-07-16T20:39:17.276811+00:00,NEW_XRP_2H_MR,XRP,XRPUSDT,strategy-lab-v1.0.0:NEW_XRP_2H_MR,1784023200000,2026-07-14T10:00:00+00:00,1.0673,1.0711,1.0666,1.07,64.16938110749192,1.0654,1.057216602172701,1.100938,0.005421428571428561,False,RSI_NOT_BELOW_30|CLOSE_NOT_NEAR_OR_BELOW_LOWER_BB|CLOSE_NOT_ABOVE_MA200|TARGET_NOT_ABOVE_ENTRY,,,
2026-07-16T20:39:17.276811+00:00,NEW_XRP_2H_MR,XRP,XRPUSDT,strategy-lab-v1.0.0:NEW_XRP_2H_MR,1784026800000,2026-07-14T11:00:00+00:00,1.07,1.0718,1.0679,1.0716,72.44897959183649,1.0654,1.057216602172701,1.1005645,0.0050571428571428555,False,RSI_NOT_BELOW_30|CLOSE_NOT_NEAR_OR_BELOW_LOWER_BB|CLOSE_NOT_ABOVE_MA200|TARGET_NOT_ABOVE_ENTRY,,,
2026-07-16T20:39:17.276811+00:00,NEW_XRP_2H_MR,XRP,XRPUSDT,strategy-lab-v1.0.0:NEW_XRP_2H_MR,1784030400000,2026-07-14T12:00:00+00:00,1.0715,1.0903,1.0692,1.0883,84.25720620842561,1.06644,1.0535310263769795,1.1002815000000001,0.00617857142857143,False,RSI_NOT_BELOW_30|CLOSE_NOT_NEAR_OR_BELOW_LOWER_BB|CLOSE_NOT_ABOVE_MA200|TARGET_NOT_ABOVE_ENTRY,,,
2026-07-16T20:39:17.276811+00:00,NEW_XRP_2H_MR,XRP,XRPUSDT,strategy-lab-v1.0.0:NEW_XRP_2H_MR,1784034000000,2026-07-14T13:00:00+00:00,1.0883,1.1039,1.0843,1.0981,84.59869848156168,1.068445,1.0500932725608776,1.100073,0.006871428571428576,False,RSI_NOT_BELOW_30|CLOSE_NOT_NEAR_OR_BELOW_LOWER_BB|CLOSE_NOT_ABOVE_MA200|TARGET_NOT_ABOVE_ENTRY,,,
2026-07-16T20:39:17.276811+00:00,NEW_XRP_2H_MR,XRP,XRPUSDT,strategy-lab-v1.0.0:NEW_XRP_2H_MR,1784037600000,2026-07-14T14:00:00+00:00,1.0982,1.1036,1.0939,1.102,85.2390852390851,1.07052,1.0474521349058947,1.099899,0.007121428571428564,False,RSI_NOT_BELOW_30|CLOSE_NOT_NEAR_OR_BELOW_LOWER_BB|TARGET_NOT_ABOVE_ENTRY,,,
2026-07-16T20:39:17.276811+00:00,NEW_XRP_2H_MR,XRP,XRPUSDT,strategy-lab-v1.0.0:NEW_XRP_2H_MR,1784041200000,2026-07-14T15:00:00+00:00,1.102,1.1099,1.1001,1.1038,93.24618736383421,1.072405,1.0452845667438768,1.0996940000000002,0.00740714285714285,False,RSI_NOT_BELOW_30|CLOSE_NOT_NEAR_OR_BELOW_LOWER_BB|TARGET_NOT_ABOVE_ENTRY,,,
2026-07-16T20:39:17.276811+00:00,NEW_XRP_2H_MR,XRP,XRPUSDT,strategy-lab-v1.0.0:NEW_XRP_2H_MR,1784044800000,2026-07-14T16:00:00+00:00,1.1037,1.108,1.1015,1.1041,93.18681318681301,1.074545,1.0446543676881899,1.099508,0.007521428571428583,False,RSI_NOT_BELOW_30|CLOSE_NOT_NEAR_OR_BELOW_LOWER_BB|TARGET_NOT_ABOVE_ENTRY,,,
2026-07-16T20:39:17.276811+00:00,NEW_XRP_2H_MR,XRP,XRPUSDT,strategy-lab-v1.0.0:NEW_XRP_2H_MR,1784048400000,2026-07-14T17:00:00+00:00,1.104,1.1048,1.0974,1.1038,92.51101321585848,1.0768149999999999,1.045320919603839,1.0993515,0.007585714285714307,False,RSI_NOT_BELOW_30|CLOSE_NOT_NEAR_OR_BELOW_LOWER_BB|TARGET_NOT_ABOVE_ENTRY,,,
2026-07-16T20:39:17.276811+00:00,NEW_XRP_2H_MR,XRP,XRPUSDT,strategy-lab-v1.0.0:NEW_XRP_2H_MR,1784052000000,2026-07-14T18:00:00+00:00,1.1038,1.1129,1.1025,1.1118,93.3980582524267,1.0795350000000001,1.0458944723584809,1.099203,0.007971428571428582,False,RSI_NOT_BELOW_30|CLOSE_NOT_NEAR_OR_BELOW_LOWER_BB|TARGET_NOT_ABOVE_ENTRY,,,
2026-07-16T20:39:17.276811+00:00,NEW_XRP_2H_MR,XRP,XRPUSDT,strategy-lab-v1.0.0:NEW_XRP_2H_MR,1784055600000,2026-07-14T19:00:00+00:00,1.1117,1.1202,1.1103,1.1146,93.34637964774902,1.081955,1.045642386488992,1.099105,0.00827142857142858,False,RSI_NOT_BELOW_30|CLOSE_NOT_NEAR_OR_BELOW_LOWER_BB|TARGET_NOT_ABOVE_ENTRY,,,
2026-07-16T20:39:17.276811+00:00,NEW_XRP_2H_MR,XRP,XRPUSDT,strategy-lab-v1.0.0:NEW_XRP_2H_MR,1784059200000,2026-07-14T20:00:00+00:00,1.1146,1.1152,1.1086,1.1097,87.84530386740276,1.084035,1.0463937314241427,1.099082,0.008571428571428579,False,RSI_NOT_BELOW_30|CLOSE_NOT_NEAR_OR_BELOW_LOWER_BB|TARGET_NOT_ABOVE_ENTRY,,,
2026-07-16T20:39:17.276811+00:00,NEW_XRP_2H_MR,XRP,XRPUSDT,strategy-lab-v1.0.0:NEW_XRP_2H_MR,1784062800000,2026-07-14T21:00:00+00:00,1.1095,1.1106,1.106,1.1073,85.63734290843745,1.086195,1.0484196919271356,1.099043,0.00860714285714286,False,RSI_NOT_BELOW_30|CLOSE_NOT_NEAR_OR_BELOW_LOWER_BB|TARGET_NOT_ABOVE_ENTRY,,,
2026-07-16T20:39:17.276811+00:00,NEW_XRP_2H_MR,XRP,XRPUSDT,strategy-lab-v1.0.0:NEW_XRP_2H_MR,1784066400000,2026-07-14T22:00:00+00:00,1.1073,1.1133,1.1041,1.1095,86.13518197573596,1.08843,1.0506931691844716,1.0989775,0.008999999999999992,False,RSI_NOT_BELOW_30|CLOSE_NOT_NEAR_OR_BELOW_LOWER_BB|TARGET_NOT_ABOVE_ENTRY,,,
2026-07-16T20:39:17.276811+00:00,NEW_XRP_2H_MR,XRP,XRPUSDT,strategy-lab-v1.0.0:NEW_XRP_2H_MR,1784070000000,2026-07-14T23:00:00+00:00,1.1095,1.1119,1.1081,1.1112,87.11864406779628,1.09073,1.0533311176637614,1.098815,0.009071428571428572,False,RSI_NOT_BELOW_30|CLOSE_NOT_NEAR_OR_BELOW_LOWER_BB|TARGET_NOT_ABOVE_ENTRY,,,
2026-07-16T20:39:17.276811+00:00,NEW_XRP_2H_MR,XRP,XRPUSDT,strategy-lab-v1.0.0:NEW_XRP_2H_MR,1784073600000,2026-07-15T00:00:00+00:00,1.1112,1.1117,1.1059,1.1076,81.33333333333294,1.092755,1.056319880952578,1.0985895,0.009164285714285705,False,RSI_NOT_BELOW_30|CLOSE_NOT_NEAR_OR_BELOW_LOWER_BB|TARGET_NOT_ABOVE_ENTRY,,,
2026-07-16T20:39:17.276811+00:00,NEW_XRP_2H_MR,XRP,XRPUSDT,strategy-lab-v1.0.0:NEW_XRP_2H_MR,1784077200000,2026-07-15T01:00:00+00:00,1.1074,1.1078,1.1014,1.1025,74.33070866141713,1.094365,1.0592182064051383,1.098373,0.009342857142857128,False,RSI_NOT_BELOW_30|CLOSE_NOT_NEAR_OR_BELOW_LOWER_BB|TARGET_NOT_ABOVE_ENTRY,,,
2026-07-16T20:39:17.276811+00:00,NEW_XRP_2H_MR,XRP,XRPUSDT,strategy-lab-v1.0.0:NEW_XRP_2H_MR,1784080800000,2026-07-15T02:00:00+00:00,1.1025,1.1036,1.0982,1.0988,60.39603960396026,1.095875,1.0627488245491603,1.0981295,0.008221428571428538,False,RSI_NOT_BELOW_30|CLOSE_NOT_NEAR_OR_BELOW_LOWER_BB|TARGET_NOT_ABOVE_ENTRY,,,
2026-07-16T20:39:17.276811+00:00,NEW_XRP_2H_MR,XRP,XRPUSDT,strategy-lab-v1.0.0:NEW_XRP_2H_MR,1784084400000,2026-07-15T03:00:00+00:00,1.0988,1.1049,1.0987,1.1036,56.04395604395583,1.097675,1.0670739624358945,1.097906,0.007264285714285675,False,RSI_NOT_BELOW_30|CLOSE_NOT_NEAR_OR_BELOW_LOWER_BB|TARGET_NOT_ABOVE_ENTRY,,,
2026-07-16T20:39:17.276811+00:00,NEW_XRP_2H_MR,XRP,XRPUSDT,strategy-lab-v1.0.0:NEW_XRP_2H_MR,1784088000000,2026-07-15T04:00:00+00:00,1.1034,1.1059,1.1003,1.1026,50.70422535211259,1.099415,1.0720168048039693,1.097703,0.0069714285714285494,False,RSI_NOT_BELOW_30|CLOSE_NOT_NEAR_OR_BELOW_LOWER_BB|TARGET_NOT_ABOVE_ENTRY,,,
2026-07-16T20:39:17.276811+00:00,NEW_XRP_2H_MR,XRP,XRPUSDT,strategy-lab-v1.0.0:NEW_XRP_2H_MR,1784091600000,2026-07-15T05:00:00+00:00,1.1026,1.1062,1.0989,1.1059,52.38095238095259,1.10134,1.078118079321473,1.097468,0.006792857142857124,False,RSI_NOT_BELOW_30|CLOSE_NOT_NEAR_OR_BELOW_LOWER_BB|TARGET_NOT_ABOVE_ENTRY,,,
2026-07-16T20:39:17.276811+00:00,NEW_XRP_2H_MR,XRP,XRPUSDT,strategy-lab-v1.0.0:NEW_XRP_2H_MR,1784095200000,2026-07-15T06:00:00+00:00,1.1059,1.1132,1.1049,1.1067,52.914798206277936,1.1031749999999998,1.0848693861069945,1.0972659999999999,0.0069214285714285385,False,RSI_NOT_BELOW_30|CLOSE_NOT_NEAR_OR_BELOW_LOWER_BB|TARGET_NOT_ABOVE_ENTRY,,,
2026-07-16T20:39:17.276811+00:00,NEW_XRP_2H_MR,XRP,XRPUSDT,strategy-lab-v1.0.0:NEW_XRP_2H_MR,1784098800000,2026-07-15T07:00:00+00:00,1.1067,1.1074,1.1011,1.1031,49.269311064718245,1.10475,1.0935349208652014,1.09706,0.006842857142857103,False,RSI_NOT_BELOW_30|CLOSE_NOT_NEAR_OR_BELOW_LOWER_BB,,,
2026-07-16T20:39:17.276811+00:00,NEW_XRP_2H_MR,XRP,XRPUSDT,strategy-lab-v1.0.0:NEW_XRP_2H_MR,1784102400000,2026-07-15T08:00:00+00:00,1.1031,1.1081,1.1024,1.1072,44.772727272727344,1.1056949999999999,1.0973711847690022,1.096856,0.0065071428571428225,False,RSI_NOT_BELOW_30|CLOSE_NOT_NEAR_OR_BELOW_LOWER_BB|TARGET_NOT_ABOVE_ENTRY,,,
2026-07-16T20:39:17.276811+00:00,NEW_XRP_2H_MR,XRP,XRPUSDT,strategy-lab-v1.0.0:NEW_XRP_2H_MR,1784106000000,2026-07-15T09:00:00+00:00,1.1071,1.1118,1.107,1.1077,41.72661870503578,1.106175,1.0985834586545427,1.0966925,0.006142857142857101,False,RSI_NOT_BELOW_30|CLOSE_NOT_NEAR_OR_BELOW_LOWER_BB|TARGET_NOT_ABOVE_ENTRY,,,
2026-07-16T20:39:17.276811+00:00,NEW_XRP_2H_MR,XRP,XRPUSDT,strategy-lab-v1.0.0:NEW_XRP_2H_MR,1784109600000,2026-07-15T10:00:00+00:00,1.1077,1.1093,1.1053,1.1077,47.282608695652144,1.1064599999999998,1.0990921237795557,1.09658,0.00595714285714282,False,RSI_NOT_BELOW_30|CLOSE_NOT_NEAR_OR_BELOW_LOWER_BB|TARGET_NOT_ABOVE_ENTRY,,,
2026-07-16T20:39:17.276811+00:00,NEW_XRP_2H_MR,XRP,XRPUSDT,strategy-lab-v1.0.0:NEW_XRP_2H_MR,1784113200000,2026-07-15T11:00:00+00:00,1.1076,1.1085,1.1061,1.1076,50.4347826086956,1.10665,1.099370851698187,1.096476,0.005799999999999964,False,RSI_NOT_BELOW_30|CLOSE_NOT_NEAR_OR_BELOW_LOWER_BB|TARGET_NOT_ABOVE_ENTRY,,,
2026-07-16T20:39:17.276811+00:00,NEW_XRP_2H_MR,XRP,XRPUSDT,strategy-lab-v1.0.0:NEW_XRP_2H_MR,1784116800000,2026-07-15T12:00:00+00:00,1.1075,1.1209,1.1047,1.1202,61.91536748329639,1.107455,1.0981914207781343,1.096455,0.006299999999999972,False,RSI_NOT_BELOW_30|CLOSE_NOT_NEAR_OR_BELOW_LOWER_BB|TARGET_NOT_ABOVE_ENTRY,,,
2026-07-16T20:39:17.276811+00:00,NEW_XRP_2H_MR,XRP,XRPUSDT,strategy-lab-v1.0.0:NEW_XRP_2H_MR,1784120400000,2026-07-15T13:00:00+00:00,1.1202,1.1286,1.1168,1.1209,61.04783599088847,1.10831,1.0975224330824886,1.0964260000000001,0.006871428571428544,False,RSI_NOT_BELOW_30|CLOSE_NOT_NEAR_OR_BELOW_LOWER_BB|TARGET_NOT_ABOVE_ENTRY,,,
2026-07-16T20:39:17.276811+00:00,NEW_XRP_2H_MR,XRP,XRPUSDT,strategy-lab-v1.0.0:NEW_XRP_2H_MR,1784124000000,2026-07-15T14:00:00+00:00,1.121,1.1293,1.1175,1.1248,69.45701357466083,1.10896,1.0960514911783048,1.0963915,0.007299999999999989,False,RSI_NOT_BELOW_30|CLOSE_NOT_NEAR_OR_BELOW_LOWER_BB|TARGET_NOT_ABOVE_ENTRY,,,
2026-07-16T20:39:17.276811+00:00,NEW_XRP_2H_MR,XRP,XRPUSDT,strategy-lab-v1.0.0:NEW_XRP_2H_MR,1784127600000,2026-07-15T15:00:00+00:00,1.1248,1.1279,1.1197,1.1254,78.84130982367759,1.1095,1.0949001369869515,1.096389,0.007428571428571419,False,RSI_NOT_BELOW_30|CLOSE_NOT_NEAR_OR_BELOW_LOWER_BB|TARGET_NOT_ABOVE_ENTRY,,,
2026-07-16T20:39:17.276811+00:00,NEW_XRP_2H_MR,XRP,XRPUSDT,strategy-lab-v1.0.0:NEW_XRP_2H_MR,1784131200000,2026-07-15T16:00:00+00:00,1.1254,1.1263,1.107,1.1131,64.80331262939964,1.10967,1.09498584527459,1.0963355,0.00842142857142858,False,RSI_NOT_BELOW_30|CLOSE_NOT_NEAR_OR_BELOW_LOWER_BB|TARGET_NOT_ABOVE_ENTRY,,,
2026-07-16T20:39:17.276811+00:00,NEW_XRP_2H_MR,XRP,XRPUSDT,strategy-lab-v1.0.0:NEW_XRP_2H_MR,1784134800000,2026-07-15T17:00:00+00:00,1.113,1.1188,1.1103,1.1168,63.98305084745776,1.110145,1.0951861932294125,1.09629,0.008585714285714292,False,RSI_NOT_BELOW_30|CLOSE_NOT_NEAR_OR_BELOW_LOWER_BB|TARGET_NOT_ABOVE_ENTRY,,,
2026-07-16T20:39:17.276811+00:00,NEW_XRP_2H_MR,XRP,XRPUSDT,strategy-lab-v1.0.0:NEW_XRP_2H_MR,1784138400000,2026-07-15T18:00:00+00:00,1.1168,1.1208,1.1108,1.1116,58.75486381322945,1.11025,1.095281299321592,1.0962345,0.008900000000000003,False,RSI_NOT_BELOW_30|CLOSE_NOT_NEAR_OR_BELOW_LOWER_BB|TARGET_NOT_ABOVE_ENTRY,,,
2026-07-16T20:39:17.276811+00:00,NEW_XRP_2H_MR,XRP,XRPUSDT,strategy-lab-v1.0.0:NEW_XRP_2H_MR,1784142000000,2026-07-15T19:00:00+00:00,1.1116,1.114,1.108,1.1093,53.37301587301573,1.110155,1.095187505219651,1.09616,0.008807142857142855,False,RSI_NOT_BELOW_30|CLOSE_NOT_NEAR_OR_BELOW_LOWER_BB,,,
2026-07-16T20:39:17.276811+00:00,NEW_XRP_2H_MR,XRP,XRPUSDT,strategy-lab-v1.0.0:NEW_XRP_2H_MR,1784145600000,2026-07-15T20:00:00+00:00,1.109,1.1133,1.1077,1.1106,53.83104125736739,1.110305,1.095382872135658,1.0960845000000001,0.008614285714285717,False,RSI_NOT_BELOW_30|CLOSE_NOT_NEAR_OR_BELOW_LOWER_BB|TARGET_NOT_ABOVE_ENTRY,,,
2026-07-16T20:39:17.276811+00:00,NEW_XRP_2H_MR,XRP,XRPUSDT,strategy-lab-v1.0.0:NEW_XRP_2H_MR,1784149200000,2026-07-15T21:00:00+00:00,1.1105,1.1155,1.1099,1.1149,61.4341085271318,1.110925,1.096324606169703,1.0960605,0.008564285714285707,False,RSI_NOT_BELOW_30|CLOSE_NOT_NEAR_OR_BELOW_LOWER_BB|TARGET_NOT_ABOVE_ENTRY,,,
2026-07-16T20:39:17.276811+00:00,NEW_XRP_2H_MR,XRP,XRPUSDT,strategy-lab-v1.0.0:NEW_XRP_2H_MR,1784152800000,2026-07-15T22:00:00+00:00,1.115,1.1182,1.114,1.1155,58.62785862785859,1.1117599999999999,1.0981524432758936,1.096017,0.008457142857142845,False,RSI_NOT_BELOW_30|CLOSE_NOT_NEAR_OR_BELOW_LOWER_BB|TARGET_NOT_ABOVE_ENTRY,,,
2026-07-16T20:39:17.276811+00:00,NEW_XRP_2H_MR,XRP,XRPUSDT,strategy-lab-v1.0.0:NEW_XRP_2H_MR,1784156400000,2026-07-15T23:00:00+00:00,1.1153,1.1163,1.1115,1.1127,54.960317460317576,1.112215,1.0991307690329248,1.0959325,0.008457142857142861,False,RSI_NOT_BELOW_30|CLOSE_NOT_NEAR_OR_BELOW_LOWER_BB|TARGET_NOT_ABOVE_ENTRY,,,
2026-07-16T20:39:17.276811+00:00,NEW_XRP_2H_MR,XRP,XRPUSDT,strategy-lab-v1.0.0:NEW_XRP_2H_MR,1784160000000,2026-07-16T00:00:00+00:00,1.1124,1.1159,1.1078,1.1102,52.36294896030262,1.112595,1.1002280318994604,1.0958405,0.008750000000000004,False,RSI_NOT_BELOW_30|CLOSE_NOT_NEAR_OR_BELOW_LOWER_BB,,,
2026-07-16T20:39:17.276811+00:00,NEW_XRP_2H_MR,XRP,XRPUSDT,strategy-lab-v1.0.0:NEW_XRP_2H_MR,1784163600000,2026-07-16T01:00:00+00:00,1.1101,1.1142,1.1055,1.1133,55.09838998211096,1.112965,1.100984636900337,1.0957485,0.009200000000000017,False,RSI_NOT_BELOW_30|CLOSE_NOT_NEAR_OR_BELOW_LOWER_BB|TARGET_NOT_ABOVE_ENTRY,,,
2026-07-16T20:39:17.276811+00:00,NEW_XRP_2H_MR,XRP,XRPUSDT,strategy-lab-v1.0.0:NEW_XRP_2H_MR,1784167200000,2026-07-16T02:00:00+00:00,1.1131,1.1168,1.111,1.1163,45.78833693304532,1.113445,1.1017410733085107,1.0957365000000001,0.008457142857142877,False,RSI_NOT_BELOW_30|CLOSE_NOT_NEAR_OR_BELOW_LOWER_BB|TARGET_NOT_ABOVE_ENTRY,,,
2026-07-16T20:39:17.276811+00:00,NEW_XRP_2H_MR,XRP,XRPUSDT,strategy-lab-v1.0.0:NEW_XRP_2H_MR,1784170800000,2026-07-16T03:00:00+00:00,1.1165,1.1173,1.1111,1.1122,41.24748490945679,1.1139,1.103173397555621,1.0956869999999999,0.008057142857142874,False,RSI_NOT_BELOW_30|CLOSE_NOT_NEAR_OR_BELOW_LOWER_BB,,,
2026-07-16T20:39:17.276811+00:00,NEW_XRP_2H_MR,XRP,XRPUSDT,strategy-lab-v1.0.0:NEW_XRP_2H_MR,1784174400000,2026-07-16T04:00:00+00:00,1.1122,1.1132,1.11,1.1132,37.60683760683747,1.1141999999999999,1.1039131151459853,1.095663,0.007442857142857148,False,RSI_NOT_BELOW_30|CLOSE_NOT_NEAR_OR_BELOW_LOWER_BB,,,
2026-07-16T20:39:17.276811+00:00,NEW_XRP_2H_MR,XRP,XRPUSDT,strategy-lab-v1.0.0:NEW_XRP_2H_MR,1784178000000,2026-07-16T05:00:00+00:00,1.1129,1.1172,1.1125,1.1152,39.419087136929434,1.1145749999999999,1.1047257614507642,1.0956739999999998,0.007192857142857144,False,RSI_NOT_BELOW_30|CLOSE_NOT_NEAR_OR_BELOW_LOWER_BB|TARGET_NOT_ABOVE_ENTRY,,,
2026-07-16T20:39:17.276811+00:00,NEW_XRP_2H_MR,XRP,XRPUSDT,strategy-lab-v1.0.0:NEW_XRP_2H_MR,1784181600000,2026-07-16T06:00:00+00:00,1.1152,1.1172,1.1114,1.1136,50.66666666666659,1.11487,1.1055213958261274,1.0956675,0.0062285714285714245,False,RSI_NOT_BELOW_30|CLOSE_NOT_NEAR_OR_BELOW_LOWER_BB,,,
2026-07-16T20:39:17.276811+00:00,NEW_XRP_2H_MR,XRP,XRPUSDT,strategy-lab-v1.0.0:NEW_XRP_2H_MR,1784185200000,2026-07-16T07:00:00+00:00,1.1136,1.1146,1.1029,1.1054,36.42857142857128,1.11476,1.1050279087550645,1.0956380000000001,0.00645714285714286,False,RSI_NOT_BELOW_30|CLOSE_NOT_NEAR_OR_BELOW_LOWER_BB,,,
2026-07-16T20:39:17.276811+00:00,NEW_XRP_2H_MR,XRP,XRPUSDT,strategy-lab-v1.0.0:NEW_XRP_2H_MR,1784188800000,2026-07-16T08:00:00+00:00,1.1054,1.1093,1.0985,1.1059,42.359249329758946,1.114045,1.1039232461994102,1.095601,0.00651428571428571,False,RSI_NOT_BELOW_30|CLOSE_NOT_NEAR_OR_BELOW_LOWER_BB,,,
2026-07-16T20:39:17.276811+00:00,NEW_XRP_2H_MR,XRP,XRPUSDT,strategy-lab-v1.0.0:NEW_XRP_2H_MR,1784192400000,2026-07-16T09:00:00+00:00,1.106,1.107,1.1039,1.1042,43.05177111716636,1.11321,1.1027387250060101,1.09563,0.0063071428571428445,False,RSI_NOT_BELOW_30|CLOSE_NOT_NEAR_OR_BELOW_LOWER_BB,,,
2026-07-16T20:39:17.276811+00:00,NEW_XRP_2H_MR,XRP,XRPUSDT,strategy-lab-v1.0.0:NEW_XRP_2H_MR,1784196000000,2026-07-16T10:00:00+00:00,1.1041,1.1085,1.1033,1.1077,46.27249357326459,1.112355,1.1030851618137225,1.09567,0.006278571428571419,False,RSI_NOT_BELOW_30|CLOSE_NOT_NEAR_OR_BELOW_LOWER_BB,,,
2026-07-16T20:39:17.276811+00:00,NEW_XRP_2H_MR,XRP,XRPUSDT,strategy-lab-v1.0.0:NEW_XRP_2H_MR,1784199600000,2026-07-16T11:00:00+00:00,1.1077,1.1081,1.1043,1.1078,39.76945244956749,1.111475,1.104198496718906,1.0957365,0.006150000000000004,False,RSI_NOT_BELOW_30|CLOSE_NOT_NEAR_OR_BELOW_LOWER_BB,,,
2026-07-16T20:39:17.276811+00:00,NEW_XRP_2H_MR,XRP,XRPUSDT,strategy-lab-v1.0.0:NEW_XRP_2H_MR,1784203200000,2026-07-16T12:00:00+00:00,1.1076,1.1095,1.0988,1.1007,32.038834951456266,1.110855,1.1022467539533434,1.0957695,0.006614285714285716,False,RSI_NOT_BELOW_30,,,
2026-07-16T20:39:17.276811+00:00,NEW_XRP_2H_MR,XRP,XRPUSDT,strategy-lab-v1.0.0:NEW_XRP_2H_MR,1784206800000,2026-07-16T13:00:00+00:00,1.1006,1.1115,1.1005,1.1092,46.26865671641782,1.110475,1.1022894334344056,1.0958655,0.007057142857142841,False,RSI_NOT_BELOW_30|CLOSE_NOT_NEAR_OR_BELOW_LOWER_BB,,,
2026-07-16T20:39:17.276811+00:00,NEW_XRP_2H_MR,XRP,XRPUSDT,strategy-lab-v1.0.0:NEW_XRP_2H_MR,1784210400000,2026-07-16T14:00:00+00:00,1.1089,1.1154,1.1074,1.1109,50.759219088937016,1.11044,1.102267999021061,1.095967,0.007049999999999985,False,RSI_NOT_BELOW_30|CLOSE_NOT_NEAR_OR_BELOW_LOWER_BB|TARGET_NOT_ABOVE_ENTRY,,,
2026-07-16T20:39:17.276811+00:00,NEW_XRP_2H_MR,XRP,XRPUSDT,strategy-lab-v1.0.0:NEW_XRP_2H_MR,1784214000000,2026-07-16T15:00:00+00:00,1.1106,1.1174,1.1052,1.114,50.75921908893726,1.110675,1.1023782837821354,1.0960715,0.007299999999999973,False,RSI_NOT_BELOW_30|CLOSE_NOT_NEAR_OR_BELOW_LOWER_BB|TARGET_NOT_ABOVE_ENTRY,,,
2026-07-16T20:39:17.276811+00:00,NEW_XRP_2H_MR,XRP,XRPUSDT,strategy-lab-v1.0.0:NEW_XRP_2H_MR,1784217600000,2026-07-16T16:00:00+00:00,1.114,1.1144,1.1068,1.1083,41.80327868852457,1.11056,1.102198803913328,1.096216,0.007428571428571403,False,RSI_NOT_BELOW_30|CLOSE_NOT_NEAR_OR_BELOW_LOWER_BB,,,
2026-07-16T20:39:17.276811+00:00,NEW_XRP_2H_MR,XRP,XRPUSDT,strategy-lab-v1.0.0:NEW_XRP_2H_MR,1784221200000,2026-07-16T17:00:00+00:00,1.1083,1.1084,1.089,1.0937,34.40134907251253,1.1095000000000002,1.0986142294714714,1.0962925,0.008371428571428554,False,RSI_NOT_BELOW_30|CLOSE_NOT_ABOVE_MA200,,,
2026-07-16T20:39:17.276811+00:00,NEW_XRP_2H_MR,XRP,XRPUSDT,strategy-lab-v1.0.0:NEW_XRP_2H_MR,1784224800000,2026-07-16T18:00:00+00:00,1.0938,1.0953,1.0873,1.0924,32.55033557046988,1.108345,1.0955213538726385,1.0963415,0.008714285714285706,False,RSI_NOT_BELOW_30|CLOSE_NOT_ABOVE_MA200,,,
2026-07-16T20:39:17.276811+00:00,NEW_XRP_2H_MR,XRP,XRPUSDT,strategy-lab-v1.0.0:NEW_XRP_2H_MR,1784228400000,2026-07-16T19:00:00+00:00,1.0923,1.0987,1.0921,1.0961,34.42088091354009,1.1075149999999998,1.0938078814114782,1.096392,0.008849999999999993,False,RSI_NOT_BELOW_30|CLOSE_NOT_NEAR_OR_BELOW_LOWER_BB|CLOSE_NOT_ABOVE_MA200,,,
2026-07-16T20:39:17.276811+00:00,NEW_XRP_2H_MR,XRP,XRPUSDT,strategy-lab-v1.0.0:NEW_XRP_2H_MR,1784232000000,2026-07-16T20:00:00+00:00,1.0962,1.0974,1.0942,1.0965,35.773710482529225,1.10683,1.0923789654349663,1.0964695,0.008664285714285696,False,RSI_NOT_BELOW_30|CLOSE_NOT_NEAR_OR_BELOW_LOWER_BB,,,
2026-07-16T23:43:59.404593+00:00,NEW_XRP_2H_MR,XRP,XRPUSDT,strategy-lab-v1.0.0:NEW_XRP_2H_MR,1784235600000,2026-07-16T21:00:00+00:00,1.0968,1.0981,1.0945,1.0972,42.205323193916364,1.10604,1.0913672497465547,1.096555,0.008085714285714267,False,RSI_NOT_BELOW_30|CLOSE_NOT_NEAR_OR_BELOW_LOWER_BB,,,
2026-07-16T23:43:59.404593+00:00,NEW_XRP_2H_MR,XRP,XRPUSDT,strategy-lab-v1.0.0:NEW_XRP_2H_MR,1784239200000,2026-07-16T22:00:00+00:00,1.0972,1.0983,1.0889,1.0897,36.409395973154155,1.10471,1.0892000161186421,1.0966185,0.007985714285714278,False,RSI_NOT_BELOW_30|CLOSE_NOT_NEAR_OR_BELOW_LOWER_BB|CLOSE_NOT_ABOVE_MA200,,,
2026-07-16T23:43:59.404593+00:00,NEW_XRP_2H_MR,XRP,XRPUSDT,strategy-lab-v1.0.0:NEW_XRP_2H_MR,1784242800000,2026-07-16T23:00:00+00:00,1.0894,1.0905,1.0846,1.0859,35.170178282009644,1.1033950000000001,1.0862723278954485,1.0966844999999998,0.008185714285714287,False,RSI_NOT_BELOW_30|CLOSE_NOT_ABOVE_MA200,,,
2026-07-17T00:38:13.078939+00:00,NEW_XRP_2H_MR,XRP,XRPUSDT,strategy-lab-v1.0.0:NEW_XRP_2H_MR,1784246399999,2026-07-16T23:59:59.999000+00:00,1.0981,1.0991,1.0853,1.0871,33.28445747800576,1.1093,1.0909053268580358,1.102027,0.010614285714285734,False,RSI_NOT_BELOW_30|CLOSE_NOT_ABOVE_MA200,,,
2026-07-17T00:41:49.412049+00:00,NEW_XRP_2H_MR,XRP,XRPUSDT,strategy-lab-v1.0.0:NEW_XRP_2H_MR,1784246400000,2026-07-17T00:00:00+00:00,1.0861,1.0879,1.0823,1.0828,29.690048939641144,1.101895,1.083266476172283,1.096684,0.008214285714285714,False,CLOSE_NOT_ABOVE_MA200,,,
2026-07-17T07:34:26.835727+00:00,NEW_XRP_2H_MR,XRP,XRPUSDT,strategy-lab-v1.0.0:NEW_XRP_2H_MR,1784250000000,2026-07-17T01:00:00+00:00,1.0911,1.0949,1.0848,1.087,34.431137724550894,1.100905,1.08352622271275,1.0967324999999999,0.008907142857142844,False,RSI_NOT_BELOW_30|CLOSE_NOT_NEAR_OR_BELOW_LOWER_BB|CLOSE_NOT_ABOVE_MA200,,,
2026-07-17T07:34:26.835727+00:00,NEW_XRP_2H_MR,XRP,XRPUSDT,strategy-lab-v1.0.0:NEW_XRP_2H_MR,1784253600000,2026-07-17T02:00:00+00:00,1.0867,1.0901,1.085,1.0874,38.9351081530781,1.0995949999999999,1.0822917661981972,1.0967360000000002,0.008507142857142855,False,RSI_NOT_BELOW_30|CLOSE_NOT_NEAR_OR_BELOW_LOWER_BB|CLOSE_NOT_ABOVE_MA200,,,
2026-07-17T07:34:26.835727+00:00,NEW_XRP_2H_MR,XRP,XRPUSDT,strategy-lab-v1.0.0:NEW_XRP_2H_MR,1784257200000,2026-07-17T03:00:00+00:00,1.0875,1.0942,1.0871,1.0915,34.11131059245952,1.0989,1.0814691078828464,1.09674,0.008228571428571443,False,RSI_NOT_BELOW_30|CLOSE_NOT_NEAR_OR_BELOW_LOWER_BB|CLOSE_NOT_ABOVE_MA200,,,
2026-07-17T07:34:26.835727+00:00,NEW_XRP_2H_MR,XRP,XRPUSDT,strategy-lab-v1.0.0:NEW_XRP_2H_MR,1784260800000,2026-07-17T04:00:00+00:00,1.0916,1.0919,1.0867,1.0894,30.83778966131895,1.0980750000000001,1.0804862678114695,1.096747,0.00802857142857145,False,RSI_NOT_BELOW_30|CLOSE_NOT_NEAR_OR_BELOW_LOWER_BB|CLOSE_NOT_ABOVE_MA200,,,
2026-07-17T07:34:26.835727+00:00,NEW_XRP_2H_MR,XRP,XRPUSDT,strategy-lab-v1.0.0:NEW_XRP_2H_MR,1784264400000,2026-07-17T05:00:00+00:00,1.0893,1.0896,1.0784,1.0796,22.61146496815259,1.0968449999999998,1.0777642793637172,1.0966945000000001,0.00795714285714287,False,CLOSE_NOT_NEAR_OR_BELOW_LOWER_BB|CLOSE_NOT_ABOVE_MA200,,,
2026-07-17T07:34:26.835727+00:00,NEW_XRP_2H_MR,XRP,XRPUSDT,strategy-lab-v1.0.0:NEW_XRP_2H_MR,1784268000000,2026-07-17T06:00:00+00:00,1.0793,1.0869,1.0785,1.0863,32.75862068965512,1.0957750000000002,1.0768496862641628,1.096664,0.00801428571428572,False,RSI_NOT_BELOW_30|CLOSE_NOT_NEAR_OR_BELOW_LOWER_BB|CLOSE_NOT_ABOVE_MA200,,,
2026-07-17T07:34:26.835727+00:00,NEW_XRP_2H_MR,XRP,XRPUSDT,strategy-lab-v1.0.0:NEW_XRP_2H_MR,1784271600000,2026-07-17T07:00:00+00:00,1.0862,1.0863,1.0815,1.0821,39.13857677902631,1.09449,1.0755151851128955,1.0966245000000001,0.006971428571428581,False,RSI_NOT_BELOW_30|CLOSE_NOT_NEAR_OR_BELOW_LOWER_BB|CLOSE_NOT_ABOVE_MA200,,,
2026-07-17T12:00:16.007706+00:00,NEW_XRP_2H_MR,XRP,XRPUSDT,strategy-lab-v1.0.0:NEW_XRP_2H_MR,1784275200000,2026-07-17T08:00:00+00:00,1.083,1.0851,1.0782,1.0838,41.76245210727975,1.093685,1.074481950762963,1.0966115,0.006892857142857145,False,RSI_NOT_BELOW_30|CLOSE_NOT_NEAR_OR_BELOW_LOWER_BB|CLOSE_NOT_ABOVE_MA200,,,
2026-07-17T12:00:16.007706+00:00,NEW_XRP_2H_MR,XRP,XRPUSDT,strategy-lab-v1.0.0:NEW_XRP_2H_MR,1784278800000,2026-07-17T09:00:00+00:00,1.0838,1.0874,1.0834,1.0842,37.83231083844577,1.092435,1.0742043362709948,1.0966200000000002,0.006707142857142864,False,RSI_NOT_BELOW_30|CLOSE_NOT_NEAR_OR_BELOW_LOWER_BB|CLOSE_NOT_ABOVE_MA200,,,
2026-07-17T12:00:16.007706+00:00,NEW_XRP_2H_MR,XRP,XRPUSDT,strategy-lab-v1.0.0:NEW_XRP_2H_MR,1784282400000,2026-07-17T10:00:00+00:00,1.0842,1.0872,1.084,1.0856,38.70967741935471,1.09117,1.0748265487120965,1.0966295000000001,0.006707142857142864,False,RSI_NOT_BELOW_30|CLOSE_NOT_NEAR_OR_BELOW_LOWER_BB|CLOSE_NOT_ABOVE_MA200,,,
2026-07-17T12:00:16.007706+00:00,NEW_XRP_2H_MR,XRP,XRPUSDT,strategy-lab-v1.0.0:NEW_XRP_2H_MR,1784286000000,2026-07-17T11:00:00+00:00,1.0855,1.0862,1.0827,1.0838,36.86274509803928,1.0896599999999999,1.0768299727202126,1.096614,0.006700000000000007,False,RSI_NOT_BELOW_30|CLOSE_NOT_NEAR_OR_BELOW_LOWER_BB|CLOSE_NOT_ABOVE_MA200,,,
2026-07-17T13:56:59.935280+00:00,NEW_XRP_2H_MR,XRP,XRPUSDT,strategy-lab-v1.0.0:NEW_XRP_2H_MR,1784289600000,2026-07-17T12:00:00+00:00,1.0837,1.0839,1.0769,1.0773,37.59999999999999,1.08811,1.077336718234443,1.0965335,0.006528571428571439,False,RSI_NOT_BELOW_30|CLOSE_NOT_ABOVE_MA200,,,
2026-07-17T13:56:59.935280+00:00,NEW_XRP_2H_MR,XRP,XRPUSDT,strategy-lab-v1.0.0:NEW_XRP_2H_MR,1784293200000,2026-07-17T13:00:00+00:00,1.0772,1.078,1.0687,1.0762,39.412997903563905,1.087235,1.0756108398152777,1.0964215,0.006771428571428587,False,RSI_NOT_BELOW_30|CLOSE_NOT_NEAR_OR_BELOW_LOWER_BB|CLOSE_NOT_ABOVE_MA200,,,
2026-07-17T15:13:13.149235+00:00,NEW_XRP_2H_MR,XRP,XRPUSDT,strategy-lab-v1.0.0:NEW_XRP_2H_MR,1784296800000,2026-07-17T14:00:00+00:00,1.0795,1.0857,1.0794,1.0816,39.565217391304294,1.0868600000000002,1.075761099153523,1.0963494999999999,0.006700000000000039,False,RSI_NOT_BELOW_30|CLOSE_NOT_NEAR_OR_BELOW_LOWER_BB|CLOSE_NOT_ABOVE_MA200,,,
2026-07-17T15:13:13.149235+00:00,NEW_XRP_2H_MR,XRP,XRPUSDT,strategy-lab-v1.0.0:NEW_XRP_2H_MR,1784300400000,2026-07-17T15:00:00+00:00,1.0817,1.0817,1.0759,1.077,39.22413793103447,1.085905,1.0748638995113735,1.0962505,0.0063928571428571845,False,RSI_NOT_BELOW_30|CLOSE_NOT_NEAR_OR_BELOW_LOWER_BB|CLOSE_NOT_ABOVE_MA200,,,
2026-07-17T16:35:48.140708+00:00,NEW_XRP_2H_MR,XRP,XRPUSDT,strategy-lab-v1.0.0:NEW_XRP_2H_MR,1784304000000,2026-07-17T16:00:00+00:00,1.0822,1.0848,1.0801,1.0839,45.99542334096131,1.0855299999999999,1.0763102169222898,1.096224,0.00660714285714289,False,RSI_NOT_BELOW_30|CLOSE_NOT_NEAR_OR_BELOW_LOWER_BB|CLOSE_NOT_ABOVE_MA200,,,
2026-07-17T17:43:01.385359+00:00,NEW_XRP_2H_MR,XRP,XRPUSDT,strategy-lab-v1.0.0:NEW_XRP_2H_MR,1784307600000,2026-07-17T17:00:00+00:00,1.0858,1.095,1.0858,1.0913,49.787234042553216,1.085325,1.0773417988876668,1.096222,0.0070857142857142985,False,RSI_NOT_BELOW_30|CLOSE_NOT_NEAR_OR_BELOW_LOWER_BB|CLOSE_NOT_ABOVE_MA200|TARGET_NOT_ABOVE_ENTRY,,,
2026-07-17T18:41:36.387548+00:00,NEW_XRP_2H_MR,XRP,XRPUSDT,strategy-lab-v1.0.0:NEW_XRP_2H_MR,1784311200000,2026-07-17T18:00:00+00:00,1.091,1.0927,1.0877,1.0878,48.312236286920026,1.0852049999999998,1.0774638179197251,1.096202,0.007071428571428585,False,RSI_NOT_BELOW_30|CLOSE_NOT_NEAR_OR_BELOW_LOWER_BB|CLOSE_NOT_ABOVE_MA200|TARGET_NOT_ABOVE_ENTRY,,,
2026-07-17T19:47:35.274538+00:00,NEW_XRP_2H_MR,XRP,XRPUSDT,strategy-lab-v1.0.0:NEW_XRP_2H_MR,1784314800000,2026-07-17T19:00:00+00:00,1.0914,1.0919,1.0849,1.0906,65.19337016574602,1.085605,1.0771524323427668,1.0962105000000002,0.006885714285714305,False,RSI_NOT_BELOW_30|CLOSE_NOT_NEAR_OR_BELOW_LOWER_BB|CLOSE_NOT_ABOVE_MA200|TARGET_NOT_ABOVE_ENTRY,,,
2026-07-17T20:38:14.742795+00:00,NEW_XRP_2H_MR,XRP,XRPUSDT,strategy-lab-v1.0.0:NEW_XRP_2H_MR,1784318400000,2026-07-17T20:00:00+00:00,1.0906,1.0907,1.0866,1.0877,52.16049382716026,1.0854300000000001,1.0773096305502703,1.0961830000000001,0.006642857142857157,False,RSI_NOT_BELOW_30|CLOSE_NOT_NEAR_OR_BELOW_LOWER_BB|CLOSE_NOT_ABOVE_MA200|TARGET_NOT_ABOVE_ENTRY,,,
2026-07-17T21:29:58.054926+00:00,NEW_XRP_2H_MR,XRP,XRPUSDT,strategy-lab-v1.0.0:NEW_XRP_2H_MR,1784322000000,2026-07-17T21:00:00+00:00,1.0879,1.0913,1.0875,1.0906,62.22222222222243,1.08562,1.0772034448852215,1.096146,0.006607142857142859,False,RSI_NOT_BELOW_30|CLOSE_NOT_NEAR_OR_BELOW_LOWER_BB|CLOSE_NOT_ABOVE_MA200|TARGET_NOT_ABOVE_ENTRY,,,
2026-07-17T22:25:40.895155+00:00,NEW_XRP_2H_MR,XRP,XRPUSDT,strategy-lab-v1.0.0:NEW_XRP_2H_MR,1784325600000,2026-07-17T22:00:00+00:00,1.088,1.0885,1.0863,1.0877,56.89045936395729,1.085505,1.0773080554473051,1.0961070000000002,0.006271428571428579,False,RSI_NOT_BELOW_30|CLOSE_NOT_NEAR_OR_BELOW_LOWER_BB|CLOSE_NOT_ABOVE_MA200|TARGET_NOT_ABOVE_ENTRY,,,
2026-07-17T23:22:40.932319+00:00,NEW_XRP_2H_MR,XRP,XRPUSDT,strategy-lab-v1.0.0:NEW_XRP_2H_MR,1784329200000,2026-07-17T23:00:00+00:00,1.0877,1.0878,1.0861,1.0874,55.67375886524804,1.085305,1.07751719543131,1.0961,0.0061071428571428665,False,RSI_NOT_BELOW_30|CLOSE_NOT_NEAR_OR_BELOW_LOWER_BB|CLOSE_NOT_ABOVE_MA200|TARGET_NOT_ABOVE_ENTRY,,,
2026-07-18T00:14:11.008434+00:00,NEW_XRP_2H_MR,XRP,XRPUSDT,strategy-lab-v1.0.0:NEW_XRP_2H_MR,1784332800000,2026-07-18T00:00:00+00:00,1.0882,1.0888,1.0878,1.0888,55.839416058394406,1.0853249999999999,1.0775291357118038,1.0961095,0.00610000000000001,False,RSI_NOT_BELOW_30|CLOSE_NOT_NEAR_OR_BELOW_LOWER_BB|CLOSE_NOT_ABOVE_MA200|TARGET_NOT_ABOVE_ENTRY,,,
2026-07-18T03:34:25.845617+00:00,NEW_XRP_2H_MR,XRP,XRPUSDT,strategy-lab-v1.0.0:NEW_XRP_2H_MR,1784336400000,2026-07-18T01:00:00+00:00,1.0875,1.0895,1.0866,1.0877,57.52895752895712,1.085675,1.0783557445733798,1.0960655000000001,0.006207142857142871,False,RSI_NOT_BELOW_30|CLOSE_NOT_NEAR_OR_BELOW_LOWER_BB|CLOSE_NOT_ABOVE_MA200|TARGET_NOT_ABOVE_ENTRY,,,
2026-07-18T03:34:25.845617+00:00,NEW_XRP_2H_MR,XRP,XRPUSDT,strategy-lab-v1.0.0:NEW_XRP_2H_MR,1784340000000,2026-07-18T02:00:00+00:00,1.0877,1.0911,1.0873,1.0895,78.7735849056605,1.0858349999999999,1.0783305279999118,1.0960425,0.005978571428571436,False,RSI_NOT_BELOW_30|CLOSE_NOT_NEAR_OR_BELOW_LOWER_BB|CLOSE_NOT_ABOVE_MA200|TARGET_NOT_ABOVE_ENTRY,,,
2026-07-18T03:34:25.845617+00:00,NEW_XRP_2H_MR,XRP,XRPUSDT,strategy-lab-v1.0.0:NEW_XRP_2H_MR,1784343600000,2026-07-18T03:00:00+00:00,1.0896,1.091,1.0889,1.089,74.3589743589747,1.0861399999999999,1.0786416268431007,1.096003,0.005342857142857141,False,RSI_NOT_BELOW_30|CLOSE_NOT_NEAR_OR_BELOW_LOWER_BB|CLOSE_NOT_ABOVE_MA200|TARGET_NOT_ABOVE_ENTRY,,,
2026-07-18T05:50:27.796181+00:00,NEW_XRP_2H_MR,XRP,XRPUSDT,strategy-lab-v1.0.0:NEW_XRP_2H_MR,1784347200000,2026-07-18T04:00:00+00:00,1.0896,1.0896,1.0869,1.0873,64.92146596858657,1.086335,1.0788692716363413,1.095959,0.00511428571428569,False,RSI_NOT_BELOW_30|CLOSE_NOT_NEAR_OR_BELOW_LOWER_BB|CLOSE_NOT_ABOVE_MA200|TARGET_NOT_ABOVE_ENTRY,,,
2026-07-18T05:50:27.796181+00:00,NEW_XRP_2H_MR,XRP,XRPUSDT,strategy-lab-v1.0.0:NEW_XRP_2H_MR,1784350800000,2026-07-18T05:00:00+00:00,1.0872,1.0887,1.0862,1.0885,65.64102564102575,1.08655,1.0790949346079368,1.0959165,0.004635714285714251,False,RSI_NOT_BELOW_30|CLOSE_NOT_NEAR_OR_BELOW_LOWER_BB|CLOSE_NOT_ABOVE_MA200|TARGET_NOT_ABOVE_ENTRY,,,
2026-07-18T07:21:31.453909+00:00,NEW_XRP_2H_MR,XRP,XRPUSDT,strategy-lab-v1.0.0:NEW_XRP_2H_MR,1784354400000,2026-07-18T06:00:00+00:00,1.0873,1.0892,1.0863,1.0886,58.89570552147222,1.0866399999999998,1.0791863029307638,1.0958765,0.004207142857142822,False,RSI_NOT_BELOW_30|CLOSE_NOT_NEAR_OR_BELOW_LOWER_BB|CLOSE_NOT_ABOVE_MA200|TARGET_NOT_ABOVE_ENTRY,,,
2026-07-18T07:21:31.453909+00:00,NEW_XRP_2H_MR,XRP,XRPUSDT,strategy-lab-v1.0.0:NEW_XRP_2H_MR,1784358000000,2026-07-18T07:00:00+00:00,1.0886,1.0887,1.0873,1.0882,38.79310344827597,1.08686,1.079495381883632,1.0958545,0.003642857142857122,False,RSI_NOT_BELOW_30|CLOSE_NOT_NEAR_OR_BELOW_LOWER_BB|CLOSE_NOT_ABOVE_MA200|TARGET_NOT_ABOVE_ENTRY,,,
2026-07-18T09:04:53.046040+00:00,NEW_XRP_2H_MR,XRP,XRPUSDT,strategy-lab-v1.0.0:NEW_XRP_2H_MR,1784361600000,2026-07-18T08:00:00+00:00,1.0882,1.091,1.0871,1.0887,37.93103448275882,1.087425,1.0814829885560584,1.0958409999999998,0.003542857142857133,False,RSI_NOT_BELOW_30|CLOSE_NOT_NEAR_OR_BELOW_LOWER_BB|CLOSE_NOT_ABOVE_MA200|TARGET_NOT_ABOVE_ENTRY,,,
2026-07-18T09:04:53.046040+00:00,NEW_XRP_2H_MR,XRP,XRPUSDT,strategy-lab-v1.0.0:NEW_XRP_2H_MR,1784365200000,2026-07-18T09:00:00+00:00,1.0888,1.089,1.0887,1.089,42.72727272727245,1.0878999999999999,1.083173479080769,1.0957655,0.0029999999999999866,False,RSI_NOT_BELOW_30|CLOSE_NOT_NEAR_OR_BELOW_LOWER_BB|CLOSE_NOT_ABOVE_MA200|TARGET_NOT_ABOVE_ENTRY,,,
2026-07-18T10:37:26.372854+00:00,NEW_XRP_2H_MR,XRP,XRPUSDT,strategy-lab-v1.0.0:NEW_XRP_2H_MR,1784368800000,2026-07-18T10:00:00+00:00,1.0856,1.0873,1.0853,1.0871,46.87499999999951,1.0879999999999999,1.0840757166259176,1.0956485,0.003214285714285709,False,RSI_NOT_BELOW_30|CLOSE_NOT_NEAR_OR_BELOW_LOWER_BB|CLOSE_NOT_ABOVE_MA200,,,
2026-07-18T11:34:15.155474+00:00,NEW_XRP_2H_MR,XRP,XRPUSDT,strategy-lab-v1.0.0:NEW_XRP_2H_MR,1784372400000,2026-07-18T11:00:00+00:00,1.0864,1.0883,1.0856,1.0873,47.28682170542582,1.08821,1.085144123290165,1.095551,0.0031357142857142894,False,RSI_NOT_BELOW_30|CLOSE_NOT_NEAR_OR_BELOW_LOWER_BB|CLOSE_NOT_ABOVE_MA200,,,
2026-07-18T12:32:13.487374+00:00,NEW_XRP_2H_MR,XRP,XRPUSDT,strategy-lab-v1.0.0:NEW_XRP_2H_MR,1784376000000,2026-07-18T12:00:00+00:00,1.088,1.0903,1.085,1.0858,43.5897435897437,1.08825,1.0852270874971097,1.0954385,0.0034000000000000063,False,RSI_NOT_BELOW_30|CLOSE_NOT_NEAR_OR_BELOW_LOWER_BB|CLOSE_NOT_ABOVE_MA200,,,
2026-07-18T14:01:23.554070+00:00,NEW_XRP_2H_MR,XRP,XRPUSDT,strategy-lab-v1.0.0:NEW_XRP_2H_MR,1784379600000,2026-07-18T13:00:00+00:00,1.0885,1.0886,1.0824,1.0857,41.61490683229849,1.08813,1.085320658440143,1.0953355,0.003571428571428575,False,RSI_NOT_BELOW_30|CLOSE_NOT_NEAR_OR_BELOW_LOWER_BB|CLOSE_NOT_ABOVE_MA200,,,
2026-07-18T15:04:57.497989+00:00,NEW_XRP_2H_MR,XRP,XRPUSDT,strategy-lab-v1.0.0:NEW_XRP_2H_MR,1784383200000,2026-07-18T14:00:00+00:00,1.0854,1.0886,1.0841,1.0883,51.59574468085145,1.08795,1.0855173060200718,1.0952499999999998,0.0036714285714285638,False,RSI_NOT_BELOW_30|CLOSE_NOT_NEAR_OR_BELOW_LOWER_BB|CLOSE_NOT_ABOVE_MA200|TARGET_NOT_ABOVE_ENTRY,,,
2026-07-18T15:04:57.497989+00:00,NEW_XRP_2H_MR,XRP,XRPUSDT,strategy-lab-v1.0.0:NEW_XRP_2H_MR,1784386800000,2026-07-18T15:00:00+00:00,1.0881,1.0882,1.0879,1.0881,51.05263157894782,1.087825,1.085714194466565,1.095165,0.0034928571428571387,False,RSI_NOT_BELOW_30|CLOSE_NOT_NEAR_OR_BELOW_LOWER_BB|CLOSE_NOT_ABOVE_MA200|TARGET_NOT_ABOVE_ENTRY,,,
2026-07-18T16:06:49.867704+00:00,NEW_XRP_2H_MR,XRP,XRPUSDT,strategy-lab-v1.0.0:NEW_XRP_2H_MR,1784390400000,2026-07-18T16:00:00+00:00,1.0859,1.087,1.0859,1.0859,40.81632653061282,1.0876100000000002,1.0851984444854101,1.095026,0.00354999999999999,False,RSI_NOT_BELOW_30|CLOSE_NOT_NEAR_OR_BELOW_LOWER_BB|CLOSE_NOT_ABOVE_MA200,,,
2026-07-18T17:09:10.301155+00:00,NEW_XRP_2H_MR,XRP,XRPUSDT,strategy-lab-v1.0.0:NEW_XRP_2H_MR,1784394000000,2026-07-18T17:00:00+00:00,1.089,1.089,1.0877,1.0884,47.863247863248105,1.08779,1.0854152157992893,1.0949090000000001,0.003700000000000005,False,RSI_NOT_BELOW_30|CLOSE_NOT_NEAR_OR_BELOW_LOWER_BB|CLOSE_NOT_ABOVE_MA200|TARGET_NOT_ABOVE_ENTRY,0.003399485483278211,49.12280701754396,0.0
2026-07-18T18:07:00.136968+00:00,NEW_XRP_2H_MR,XRP,XRPUSDT,strategy-lab-v1.0.0:NEW_XRP_2H_MR,1784397600000,2026-07-18T18:00:00+00:00,1.093,1.093,1.092,1.0922,59.83935742971907,1.08823,1.0845285948614145,1.0948255,0.0039499999999999934,False,RSI_NOT_BELOW_30|CLOSE_NOT_NEAR_OR_BELOW_LOWER_BB|CLOSE_NOT_ABOVE_MA200|TARGET_NOT_ABOVE_ENTRY,0.0036165537447353903,56.43939393939402,0.0
2026-07-18T19:21:06.478656+00:00,NEW_XRP_2H_MR,XRP,XRPUSDT,strategy-lab-v1.0.0:NEW_XRP_2H_MR,1784401200000,2026-07-18T19:00:00+00:00,1.0903,1.0925,1.0897,1.092,58.30388692579526,1.08832,1.0845392064325137,1.094718,0.004321428571428587,False,RSI_NOT_BELOW_30|CLOSE_NOT_NEAR_OR_BELOW_LOWER_BB|CLOSE_NOT_ABOVE_MA200|TARGET_NOT_ABOVE_ENTRY,0.0039573521716379,55.80524344569304,0.0
2026-07-18T20:10:33.554640+00:00,NEW_XRP_2H_MR,XRP,XRPUSDT,strategy-lab-v1.0.0:NEW_XRP_2H_MR,1784404800000,2026-07-18T20:00:00+00:00,1.0929,1.0932,1.0923,1.0926,57.194244604316545,1.0886,1.0842761128599445,1.094651,0.004228571428571438,False,RSI_NOT_BELOW_30|CLOSE_NOT_NEAR_OR_BELOW_LOWER_BB|CLOSE_NOT_ABOVE_MA200|TARGET_NOT_ABOVE_ENTRY,0.003870191679087899,59.31034482758629,0.0
2026-07-18T21:05:46.438050+00:00,NEW_XRP_2H_MR,XRP,XRPUSDT,strategy-lab-v1.0.0:NEW_XRP_2H_MR,1784408400000,2026-07-18T21:00:00+00:00,1.0928,1.0937,1.0927,1.0937,59.92907801418409,1.08892,1.0840211838164777,1.0945740000000002,0.004335714285714284,False,RSI_NOT_BELOW_30|CLOSE_NOT_NEAR_OR_BELOW_LOWER_BB|CLOSE_NOT_ABOVE_MA200|TARGET_NOT_ABOVE_ENTRY,0.00396426285609791,57.857142857142776,0.0
2026-07-18T23:01:30.190369+00:00,NEW_XRP_2H_MR,XRP,XRPUSDT,strategy-lab-v1.0.0:NEW_XRP_2H_MR,1784412000000,2026-07-18T22:00:00+00:00,1.0928,1.095,1.0909,1.0931,58.14814814814803,1.089065,1.083956076434322,1.0945340000000001,0.004721428571428575,False,RSI_NOT_BELOW_30|CLOSE_NOT_NEAR_OR_BELOW_LOWER_BB|CLOSE_NOT_ABOVE_MA200|TARGET_NOT_ABOVE_ENTRY,0.004319301593110032,58.909090909090715,0.0
2026-07-19T00:01:32.228231+00:00,NEW_XRP_2H_MR,XRP,XRPUSDT,strategy-lab-v1.0.0:NEW_XRP_2H_MR,1784415600000,2026-07-18T23:00:00+00:00,1.0925,1.0933,1.0909,1.0918,62.65060240963898,1.0891600000000001,1.083984905797965,1.0944764999999999,0.004471428571428571,False,RSI_NOT_BELOW_30|CLOSE_NOT_NEAR_OR_BELOW_LOWER_BB|CLOSE_NOT_ABOVE_MA200|TARGET_NOT_ABOVE_ENTRY,0.00409546489414597,57.142857142857146,0.0
2026-07-19T03:41:31.708065+00:00,NEW_XRP_2H_MR,XRP,XRPUSDT,strategy-lab-v1.0.0:NEW_XRP_2H_MR,1784419200000,2026-07-19T00:00:00+00:00,1.0923,1.0942,1.091,1.0939,64.82213438735198,1.0895100000000002,1.083983011670001,1.094427,0.004557142857142863,False,RSI_NOT_BELOW_30|CLOSE_NOT_NEAR_OR_BELOW_LOWER_BB|CLOSE_NOT_ABOVE_MA200|TARGET_NOT_ABOVE_ENTRY,0.0041659592806864085,63.673469387755425,0.0
2026-07-19T03:41:31.708065+00:00,NEW_XRP_2H_MR,XRP,XRPUSDT,strategy-lab-v1.0.0:NEW_XRP_2H_MR,1784422800000,2026-07-19T01:00:00+00:00,1.0937,1.0942,1.0918,1.0932,60.655737704917776,1.0898050000000001,1.0841529295828924,1.0943925,0.00449285714285714,False,RSI_NOT_BELOW_30|CLOSE_NOT_NEAR_OR_BELOW_LOWER_BB|CLOSE_NOT_ABOVE_MA200|TARGET_NOT_ABOVE_ENTRY,0.004109821755266319,64.82213438735198,0.0
2026-07-19T03:41:31.708065+00:00,NEW_XRP_2H_MR,XRP,XRPUSDT,strategy-lab-v1.0.0:NEW_XRP_2H_MR,1784426400000,2026-07-19T02:00:00+00:00,1.0931,1.0993,1.0931,1.0965,64.70588235294113,1.0901999999999998,1.08387576091534,1.0943815,0.004557142857142847,False,RSI_NOT_BELOW_30|CLOSE_NOT_NEAR_OR_BELOW_LOWER_BB|TARGET_NOT_ABOVE_ENTRY,0.00415608103706598,60.655737704917776,0.0
2026-07-19T03:41:31.708065+00:00,NEW_XRP_2H_MR,XRP,XRPUSDT,strategy-lab-v1.0.0:NEW_XRP_2H_MR,1784430000000,2026-07-19T03:00:00+00:00,1.0966,1.0972,1.0923,1.0939,66.16541353383492,1.0904900000000002,1.0840467399555866,1.0943295,0.004464285714285698,False,RSI_NOT_BELOW_30|CLOSE_NOT_NEAR_OR_BELOW_LOWER_BB|CLOSE_NOT_ABOVE_MA200|TARGET_NOT_ABOVE_ENTRY,0.0040810729630548475,64.70588235294113,0.0
2026-07-19T06:15:55.912056+00:00,NEW_XRP_2H_MR,XRP,XRPUSDT,strategy-lab-v1.0.0:NEW_XRP_2H_MR,1784433600000,2026-07-19T04:00:00+00:00,1.0943,1.0979,1.0927,1.096,65.46184738955836,1.090875,1.0840243430971956,1.094295,0.0045142857142857085,False,RSI_NOT_BELOW_30|CLOSE_NOT_NEAR_OR_BELOW_LOWER_BB|TARGET_NOT_ABOVE_ENTRY,0.004118873826903019,67.1755725190842,0.0
2026-07-19T06:15:55.912056+00:00,NEW_XRP_2H_MR,XRP,XRPUSDT,strategy-lab-v1.0.0:NEW_XRP_2H_MR,1784437200000,2026-07-19T05:00:00+00:00,1.096,1.0973,1.0949,1.0959,72.44444444444449,1.091395,1.0846777163228027,1.094255,0.004414285714285704,False,RSI_NOT_BELOW_30|CLOSE_NOT_NEAR_OR_BELOW_LOWER_BB|TARGET_NOT_ABOVE_ENTRY,0.004028000469281598,65.46184738955836,0.0
2026-07-19T06:15:55.912056+00:00,NEW_XRP_2H_MR,XRP,XRPUSDT,strategy-lab-v1.0.0:NEW_XRP_2H_MR,1784440800000,2026-07-19T06:00:00+00:00,1.0958,1.0964,1.0955,1.0957,67.01030927835009,1.09186,1.0853045747658956,1.0942100000000001,0.004164285714285716,False,RSI_NOT_BELOW_30|CLOSE_NOT_NEAR_OR_BELOW_LOWER_BB|TARGET_NOT_ABOVE_ENTRY,0.0038005710635080005,72.44444444444449,0.0
2026-07-19T08:36:16.854597+00:00,NEW_XRP_2H_MR,XRP,XRPUSDT,strategy-lab-v1.0.0:NEW_XRP_2H_MR,1784444400000,2026-07-19T07:00:00+00:00,1.0959,1.0969,1.0943,1.0948,56.024096385542116,1.0922100000000001,1.0857642572189132,1.0941655,0.0040142857142857,False,RSI_NOT_BELOW_30|CLOSE_NOT_NEAR_OR_BELOW_LOWER_BB|TARGET_NOT_ABOVE_ENTRY,0.003666684064930307,67.7083333333336,0.0
2026-07-19T08:36:16.854597+00:00,NEW_XRP_2H_MR,XRP,XRPUSDT,strategy-lab-v1.0.0:NEW_XRP_2H_MR,1784448000000,2026-07-19T08:00:00+00:00,1.0948,1.0966,1.0943,1.0963,68.78980891719718,1.0926,1.086155467433558,1.0941245,0.0037357142857142706,False,RSI_NOT_BELOW_30|CLOSE_NOT_NEAR_OR_BELOW_LOWER_BB|TARGET_NOT_ABOVE_ENTRY,0.003407565708030895,56.024096385542116,0.0
2026-07-19T10:11:40.040311+00:00,NEW_XRP_2H_MR,XRP,XRPUSDT,strategy-lab-v1.0.0:NEW_XRP_2H_MR,1784451600000,2026-07-19T09:00:00+00:00,1.0975,1.0985,1.094,1.0949,56.395348837209205,1.09314,1.087410287965358,1.0940935,0.003899999999999983,False,RSI_NOT_BELOW_30|CLOSE_NOT_NEAR_OR_BELOW_LOWER_BB|TARGET_NOT_ABOVE_ENTRY,0.003561969129600861,71.0059171597628,0.0
2026-07-19T10:11:40.040311+00:00,NEW_XRP_2H_MR,XRP,XRPUSDT,strategy-lab-v1.0.0:NEW_XRP_2H_MR,1784455200000,2026-07-19T10:00:00+00:00,1.0948,1.0953,1.0932,1.095,55.882352941176435,1.0934750000000002,1.0881470078828965,1.09404,0.00375714285714284,False,RSI_NOT_BELOW_30|CLOSE_NOT_NEAR_OR_BELOW_LOWER_BB|TARGET_NOT_ABOVE_ENTRY,0.0034311806914546486,56.395348837209205,0.0
2026-07-19T11:29:25.862118+00:00,NEW_XRP_2H_MR,XRP,XRPUSDT,strategy-lab-v1.0.0:NEW_XRP_2H_MR,1784458800000,2026-07-19T11:00:00+00:00,1.0971,1.0988,1.0958,1.0964,58.50000000000016,1.094115,1.089757351551593,1.093999,0.003778571428571409,False,RSI_NOT_BELOW_30|CLOSE_NOT_NEAR_OR_BELOW_LOWER_BB|TARGET_NOT_ABOVE_ENTRY,0.00344634387866783,60.937499999999886,0.0
2026-07-19T12:28:54.593056+00:00,NEW_XRP_2H_MR,XRP,XRPUSDT,strategy-lab-v1.0.0:NEW_XRP_2H_MR,1784462400000,2026-07-19T12:00:00+00:00,1.0962,1.0964,1.0903,1.0928,50.43103448275858,1.09429,1.0905473271583124,1.0939425,0.0039285714285714245,False,RSI_NOT_BELOW_30|CLOSE_NOT_NEAR_OR_BELOW_LOWER_BB|CLOSE_NOT_ABOVE_MA200,0.003594959213553646,57.92079207920815,0.21575951515151723
2026-07-19T14:03:00.488269+00:00,NEW_XRP_2H_MR,XRP,XRPUSDT,strategy-lab-v1.0.0:NEW_XRP_2H_MR,1784466000000,2026-07-19T13:00:00+00:00,1.0948,1.0951,1.0916,1.0934,52.702702702702375,1.09442,1.0907782421826946,1.09389,0.00400714285714286,False,RSI_NOT_BELOW_30|CLOSE_NOT_NEAR_OR_BELOW_LOWER_BB|CLOSE_NOT_ABOVE_MA200,0.0036648462201782153,55.18867924528294,0.13331527035058383
2026-07-19T14:03:00.488269+00:00,NEW_XRP_2H_MR,XRP,XRPUSDT,strategy-lab-v1.0.0:NEW_XRP_2H_MR,1784469600000,2026-07-19T14:00:00+00:00,1.0934,1.0935,1.0926,1.0932,48.30917874396102,1.09456,1.0913585003514128,1.0938225,0.003842857142857132,False,RSI_NOT_BELOW_30|CLOSE_NOT_NEAR_OR_BELOW_LOWER_BB|CLOSE_NOT_ABOVE_MA200,0.0035152370498144274,52.702702702702375,0.1980054522924586
2026-07-19T15:07:19.173085+00:00,NEW_XRP_2H_MR,XRP,XRPUSDT,strategy-lab-v1.0.0:NEW_XRP_2H_MR,1784473200000,2026-07-19T15:00:00+00:00,1.0978,1.0985,1.0978,1.0982,60.16260162601642,1.0950700000000002,1.0914605125017678,1.093803,0.004307142857142858,False,RSI_NOT_BELOW_30|CLOSE_NOT_NEAR_OR_BELOW_LOWER_BB|TARGET_NOT_ABOVE_ENTRY,0.0039220022374274795,57.99999999999989,0.0
2026-07-19T16:08:02.507928+00:00,NEW_XRP_2H_MR,XRP,XRPUSDT,strategy-lab-v1.0.0:NEW_XRP_2H_MR,1784476800000,2026-07-19T16:00:00+00:00,1.0972,1.0976,1.0946,1.0949,46.6666666666666,1.09511,1.0917880126430253,1.093733,0.004207142857142854,False,RSI_NOT_BELOW_30|CLOSE_NOT_NEAR_OR_BELOW_LOWER_BB,0.003842490507939404,57.76892430278877,0.0
2026-07-19T17:13:09.394101+00:00,NEW_XRP_2H_MR,XRP,XRPUSDT,strategy-lab-v1.0.0:NEW_XRP_2H_MR,1784480400000,2026-07-19T17:00:00+00:00,1.0933,1.0939,1.0881,1.093,47.257383966244596,1.095035,1.0916307232780083,1.093663,0.004357142857142869,False,RSI_NOT_BELOW_30|CLOSE_NOT_NEAR_OR_BELOW_LOWER_BB|CLOSE_NOT_ABOVE_MA200,0.003986407005620192,43.92156862745085,0.27791912568306687
2026-07-19T18:09:11.999343+00:00,NEW_XRP_2H_MR,XRP,XRPUSDT,strategy-lab-v1.0.0:NEW_XRP_2H_MR,1784484000000,2026-07-19T18:00:00+00:00,1.0935,1.0938,1.092,1.0925,42.42424242424234,1.095065,1.091716403278999,1.0935895,0.004278571428571433,False,RSI_NOT_BELOW_30|CLOSE_NOT_NEAR_OR_BELOW_LOWER_BB|CLOSE_NOT_ABOVE_MA200,0.003916312520431517,48.72881355932172,0.3656204785754017
2026-07-19T19:29:57.947012+00:00,NEW_XRP_2H_MR,XRP,XRPUSDT,strategy-lab-v1.0.0:NEW_XRP_2H_MR,1784487600000,2026-07-19T19:00:00+00:00,1.0919,1.093,1.0909,1.0924,42.73858921161814,1.095045,1.0916277057486743,1.093511,0.004471428571428586,False,RSI_NOT_BELOW_30|CLOSE_NOT_NEAR_OR_BELOW_LOWER_BB|CLOSE_NOT_ABOVE_MA200,0.0040932154626772115,41.35021097046417,0.3617814696485635
2026-07-19T20:25:01.244839+00:00,NEW_XRP_2H_MR,XRP,XRPUSDT,strategy-lab-v1.0.0:NEW_XRP_2H_MR,1784491200000,2026-07-19T20:00:00+00:00,1.0938,1.0969,1.0938,1.096,50.180505415162436,1.09522,1.0919972061809826,1.093459,0.004585714285714304,False,RSI_NOT_BELOW_30|CLOSE_NOT_NEAR_OR_BELOW_LOWER_BB|TARGET_NOT_ABOVE_ENTRY,0.004184045881126189,45.8823529411765,0.0
2026-07-19T21:14:20.693242+00:00,NEW_XRP_2H_MR,XRP,XRPUSDT,strategy-lab-v1.0.0:NEW_XRP_2H_MR,1784494800000,2026-07-19T21:00:00+00:00,1.0963,1.0966,1.0953,1.0957,51.636363636363455,1.0953600000000001,1.092253619469561,1.093399,0.004514285714285741,False,RSI_NOT_BELOW_30|CLOSE_NOT_NEAR_OR_BELOW_LOWER_BB|TARGET_NOT_ABOVE_ENTRY,0.00412000156455758,50.71428571428563,0.0
2026-07-19T22:10:44.118814+00:00,NEW_XRP_2H_MR,XRP,XRPUSDT,strategy-lab-v1.0.0:NEW_XRP_2H_MR,1784498400000,2026-07-19T22:00:00+00:00,1.0921,1.0978,1.0914,1.0933,42.75862068965519,1.095035,1.09163719188301,1.093284,0.005035714285714318,False,RSI_NOT_BELOW_30|CLOSE_NOT_NEAR_OR_BELOW_LOWER_BB,0.0046059766630516035,46.10389610389617,0.20074477541371052
2026-07-19T23:11:13.385241+00:00,NEW_XRP_2H_MR,XRP,XRPUSDT,strategy-lab-v1.0.0:NEW_XRP_2H_MR,1784502000000,2026-07-19T23:00:00+00:00,1.0969,1.0969,1.0928,1.0939,48.48484848484864,1.095195,1.0917765354324063,1.0932095,0.005228571428571456,False,RSI_NOT_BELOW_30|CLOSE_NOT_NEAR_OR_BELOW_LOWER_BB,0.004779752654329879,49.079754601227094,0.1372229508196509
2026-07-20T00:11:48.386992+00:00,NEW_XRP_2H_MR,XRP,XRPUSDT,strategy-lab-v1.0.0:NEW_XRP_2H_MR,1784505600000,2026-07-20T00:00:00+00:00,1.0971,1.0992,1.0944,1.0983,51.89003436426134,1.0954650000000001,1.0917895272413076,1.0931570000000002,0.005228571428571439,False,RSI_NOT_BELOW_30|CLOSE_NOT_NEAR_OR_BELOW_LOWER_BB|TARGET_NOT_ABOVE_ENTRY,0.0047606040504155865,53.488372093023244,0.0
2026-07-20T04:04:33.948188+00:00,NEW_XRP_2H_MR,XRP,XRPUSDT,strategy-lab-v1.0.0:NEW_XRP_2H_MR,1784509200000,2026-07-20T01:00:00+00:00,1.0956,1.1074,1.0939,1.0959,49.47735191637637,1.095325,1.0918864683366472,1.093052,0.0065285714285714235,False,RSI_NOT_BELOW_30|CLOSE_NOT_NEAR_OR_BELOW_LOWER_BB|TARGET_NOT_ABOVE_ENTRY,0.005957269302465027,47.09897610921496,0.0
2026-07-20T04:04:33.948188+00:00,NEW_XRP_2H_MR,XRP,XRPUSDT,strategy-lab-v1.0.0:NEW_XRP_2H_MR,1784512800000,2026-07-20T02:00:00+00:00,1.0961,1.1028,1.095,1.1004,58.80503144654088,1.09555,1.0914627026044246,1.0929725,0.006649999999999997,False,RSI_NOT_BELOW_30|CLOSE_NOT_NEAR_OR_BELOW_LOWER_BB|TARGET_NOT_ABOVE_ENTRY,0.0060432569974554675,49.47735191637637,0.0
2026-07-20T04:04:33.948188+00:00,NEW_XRP_2H_MR,XRP,XRPUSDT,strategy-lab-v1.0.0:NEW_XRP_2H_MR,1784516400000,2026-07-20T03:00:00+00:00,1.1005,1.1014,1.0962,1.0992,59.17721518987337,1.0957700000000001,1.0914037201189257,1.0928944999999999,0.006771428571428555,False,RSI_NOT_BELOW_30|CLOSE_NOT_NEAR_OR_BELOW_LOWER_BB|TARGET_NOT_ABOVE_ENTRY,0.006160324391765425,58.80503144654088,0.0
2026-07-20T04:04:33.948188+00:00,NEW_XRP_2H_MR,XRP,XRPUSDT,strategy-lab-v1.0.0:NEW_XRP_2H_MR,1784520000000,2026-07-20T04:00:00+00:00,1.0992,1.1,1.0988,1.0993,52.57352941176441,1.09586,1.0912855492133073,1.0928224999999998,0.00620714285714284,False,RSI_NOT_BELOW_30|CLOSE_NOT_NEAR_OR_BELOW_LOWER_BB|TARGET_NOT_ABOVE_ENTRY,0.0056464503385270995,59.17721518987337,0.0
2026-07-20T07:23:39.375734+00:00,NEW_XRP_2H_MR,XRP,XRPUSDT,strategy-lab-v1.0.0:NEW_XRP_2H_MR,1784523600000,2026-07-20T05:00:00+00:00,1.0951,1.0954,1.0849,1.0872,37.07571801566578,1.095275,1.0896121826799834,1.0926684999999998,0.00709999999999998,False,RSI_NOT_BELOW_30|CLOSE_NOT_ABOVE_MA200,0.006530537159676214,45.806451612903,0.7377990610328748
2026-07-20T07:23:39.375734+00:00,NEW_XRP_2H_MR,XRP,XRPUSDT,strategy-lab-v1.0.0:NEW_XRP_2H_MR,1784527200000,2026-07-20T06:00:00+00:00,1.0872,1.0886,1.0825,1.0846,38.172043010752766,1.094645,1.087397248624581,1.09255,0.007235714285714266,False,RSI_NOT_BELOW_30|CLOSE_NOT_ABOVE_MA200,0.006671320565843875,37.07571801566578,0.9055157617637563
2026-07-20T07:23:39.375734+00:00,NEW_XRP_2H_MR,XRP,XRPUSDT,strategy-lab-v1.0.0:NEW_XRP_2H_MR,1784530800000,2026-07-20T07:00:00+00:00,1.0847,1.0864,1.0822,1.0861,40.104166666666885,1.09414,1.0860387902138078,1.0925,0.006957142857142836,False,RSI_NOT_BELOW_30|CLOSE_NOT_NEAR_OR_BELOW_LOWER_BB|CLOSE_NOT_ABOVE_MA200,0.006405619056387843,38.172043010752766,0.7496161533196334
2026-07-20T10:23:53.063888+00:00,NEW_XRP_2H_MR,XRP,XRPUSDT,strategy-lab-v1.0.0:NEW_XRP_2H_MR,1784534400000,2026-07-20T08:00:00+00:00,1.0891,1.0909,1.0852,1.0872,44.3914081145583,1.09392,1.0857506426201362,1.09249,0.007271428571428548,False,RSI_NOT_BELOW_30|CLOSE_NOT_NEAR_OR_BELOW_LOWER_BB|CLOSE_NOT_ABOVE_MA200,0.006688216125302197,44.711538461538495,0.5961744597249694
2026-07-20T10:23:53.063888+00:00,NEW_XRP_2H_MR,XRP,XRPUSDT,strategy-lab-v1.0.0:NEW_XRP_2H_MR,1784538000000,2026-07-20T09:00:00+00:00,1.0872,1.0918,1.086,1.089,44.25837320574147,1.0937000000000001,1.085254172627863,1.0924444999999998,0.0074428571428571165,False,RSI_NOT_BELOW_30|CLOSE_NOT_NEAR_OR_BELOW_LOWER_BB|CLOSE_NOT_ABOVE_MA200,0.006834579561852266,44.3914081145583,0.401476647472827
2026-07-20T10:23:53.063888+00:00,NEW_XRP_2H_MR,XRP,XRPUSDT,strategy-lab-v1.0.0:NEW_XRP_2H_MR,1784541600000,2026-07-20T10:00:00+00:00,1.089,1.092,1.0887,1.092,44.91725768321519,1.0934050000000002,1.0851567335154628,1.0924275,0.0074357142857142755,False,RSI_NOT_BELOW_30|CLOSE_NOT_NEAR_OR_BELOW_LOWER_BB|CLOSE_NOT_ABOVE_MA200,0.006809262166405014,44.25837320574147,0.10638744796670312
